,scalerank,natscale,labelrank,featurecla,name,namepar,namealt,nameascii,adm0cap,capalt,capin,worldcity,megacity,sov0name,sov_a3,adm0name,adm0_a3,adm1name,iso_a2,note,latitude,longitude,pop_max,pop_min,pop_other,rank_max,rank_min,meganame,ls_name,min_zoom,ne_id,geometry
0,8,10,3,Admin-0 capital,Vatican City,,,Vatican City,1,0,,1,0,Vatican,VAT,Vatican,VAT,Lazio,VA,,41.903282,12.453387,832,832,562430,2,2,,Vatican City,7.0,1159127243,POINT (12.4533865 41.9032822)
1,7,20,0,Admin-0 capital,San Marino,,,San Marino,1,0,,0,0,San Marino,SMR,San Marino,SMR,,SM,,43.936096,12.44177,29579,29000,0,7,7,,San Marino,6.1,1159146051,POINT (12.4417702 43.9360958)
2,7,20,0,Admin-0 capital,Vaduz,,,Vaduz,1,0,,0,0,Liechtenstein,LIE,Liechtenstein,LIE,,LI,,47.133724,9.51667,36281,5342,33009,7,5,,Vaduz,6.7,1159146061,POINT (9.5166695 47.1337238)
3,6,30,8,Admin-0 capital alt,Lobamba,,,Lobamba,0,1,Legislative and,0,0,eSwatini,SWZ,eSwatini,SWZ,Manzini,SZ,,-26.466668,31.199997,9782,4557,0,5,4,,Lobamba,6.0,1159146343,POINT (31.1999971 -26.4666675)
4,6,30,8,Admin-0 capital,Luxembourg,,,Luxembourg,1,0,,0,0,Luxembourg,LUX,Luxembourg,LUX,Luxembourg,LU,,49.61166,6.130003,107260,76684,106219,9,8,,Luxembourg,6.0,1159146437,POINT (6.1300028 49.6116604)
5,6,30,0,Admin-0 capital,Palikir,,,Palikir,1,0,,0,0,Federated States of Micronesia,FSM,Federated States of Micronesia,FSM,,FM,,6.916644,158.149974,4645,4645,0,4,4,,Palikir,6.0,1159149061,POINT (158.1499743 6.9166437)
6,6,30,0,Admin-0 capital,Majuro,,,Majuro,1,0,,0,0,Marshall Islands,MHL,Marshall Islands,MHL,,MH,,7.103004,171.38,25400,20500,0,7,7,,Majuro,6.0,1159149063,POINT (171.3800002 7.1030043)
7,6,30,0,Admin-0 capital,Funafuti,,,Funafuti,1,0,,0,0,Tuvalu,TUV,Tuvalu,TUV,,TV,,-8.516652,179.216647,4749,4749,0,4,4,,Funafuti,6.0,1159149071,POINT (179.2166471 -8.516652)
8,6,30,0,Admin-0 capital,Melekeok,,,Melekeok,1,0,,0,0,Palau,PLW,Palau,PLW,,PW,,7.487396,134.626549,7026,7026,0,5,5,,Melekeok,6.0,1159149073,POINT (134.6265485 7.4873962)
9,6,30,0,Admin-0 capital alt,Bir Lehlou,,,Bir Lehlou,0,1,Claimed as inte,0,0,Western Sahara,SAH,Western Sahara,SAH,,EH,,26.119167,-9.652522,500,200,0,2,1,,,6.0,1159149075,POINT (-9.6525222 26.1191667)
10,6,30,0,Admin-0 capital,Monaco,,,Monaco,1,0,,0,0,Monaco,MCO,Monaco,MCO,,MC,,43.739646,7.406913,36371,36371,102371,7,7,,Monaco,5.1,1159149077,POINT (7.4069132 43.7396457)
11,6,30,0,Admin-0 capital,Tarawa,,,Tarawa,1,0,,0,0,Kiribati,KIR,Kiribati,KIR,,KI,,1.338188,173.017571,28802,22534,0,7,7,,Tarawa,6.0,1159149079,POINT (173.0175708 1.3381875)
12,6,30,0,Admin-0 capital,Moroni,,,Moroni,1,0,,0,0,Comoros,COM,Comoros,COM,,KM,,-11.704158,43.240244,128698,42872,0,9,7,,Moroni,6.0,1159149083,POINT (43.2402441 -11.7041577)
13,6,30,0,Admin-0 capital,Andorra,,,Andorra,1,0,,0,0,Andorra,AND,Andorra,AND,,AD,,42.500001,1.516486,53998,22256,53371,8,7,,Andorra,6.0,1159149089,POINT (1.5265942551654812 42.5107534941671)
14,4,50,8,Admin-0 capital,Port-of-Spain,,,Port-of-Spain,1,0,,0,0,Trinidad and Tobago,TTO,Trinidad and Tobago,TTO,Port of Spain,TT,,10.651997,-61.517031,294934,49031,419082,10,7,,Port-of-Spain,5.1,1159149307,POINT (-61.5170309 10.6519971)
15,4,50,0,Admin-0 capital,Kigali,,,Kigali,1,0,,0,1,Rwanda,RWA,Rwanda,RWA,Kigali City,RW,,-1.951644,30.058586,860000,745261,1152904,11,11,Kigali,Kigali,5.1,1159149385,POINT (30.0585859 -1.9516442)
16,4,50,8,Admin-0 capital,Mbabane,,,Mbabane,1,0,Administrative,0,0,eSwatini,SWZ,eSwatini,SWZ,Hhohho,SZ,,-26.316651,31.133335,90138,76218,89979,8,8,,Mbabane,5.6,1159149413,POINT (31.1333345 -26.3166508)
17,4,50,5,Admin-0 capital,Juba,,,Juba,0,0,,0,0,South Sudan,SSD,South Sudan,SSD,Central Equatoria,SS,,4.829975,31.580026,111975,111975,111975,9,9,,Juba,5.1,1159149449,POINT (31.5800256 4.8299752)
18,4,50,8,Admin-0 capital alt,The Hague,,,The Hague,0,1,"Official, legis",0,0,Kingdom of the Netherlands,NLD,Netherlands,NLD,Zuid-Holland,NL,,52.080037,4.269961,1406000,501725,688599,12,11,,The Hague,5.6,1159149457,POINT (4.2699613 52.0800368)
19,4,50,8,Admin-0 capital,Ljubljana,,,Ljubljana,1,0,,0,0,Slovenia,SVN,Slovenia,SVN,Osrednjeslovenska,SI,,46.055288,14.514969,314807,255115,256316,10,10,,Ljubljana,5.6,1159149461,POINT (14.514969 46.0552883)
20,4,50,7,Admin-0 capital,Bratislava,,,Bratislava,1,0,,0,0,Slovakia,SVK,Slovakia,SVK,Bratislavský,SK,,48.150018,17.116981,423737,373687,361489,10,10,,Bratislava,5.1,1159149463,POINT (17.1169808 48.1500183)
21,4,50,8,Admin-0 capital,Doha,,,Doha,1,0,,0,0,Qatar,QAT,Qatar,QAT,Ad Dawhah,QA,,25.286556,51.532968,1450000,731310,0,12,11,,Doha,5.6,1159149469,POINT (51.5329679 25.286556)
22,4,50,8,Admin-0 capital,Podgorica,,,Podgorica,1,0,,0,0,Montenegro,MNE,Montenegro,MNE,Podgorica,ME,,42.465973,19.266307,145850,136473,0,9,9,,Podgorica,5.6,1159149511,POINT (19.2663069 42.4659725)
23,4,50,6,Admin-0 capital alt,Sri Jayawardenepura Kotte,,,Sri Jawewardenepura Kotte,0,1,Legislative cap,0,0,Sri Lanka,LKA,Sri Lanka,LKA,Colombo,LK,,6.900004,79.949993,115826,115826,2456292,9,9,,Kotte,5.6,1159149593,POINT (79.949993 6.9000039)
24,4,50,5,Admin-0 capital alt,Baguio,,,Baguio City,0,1,,0,0,Philippines,PHL,Philippines,PHL,Benguet,PH,,16.429991,120.569943,447824,272714,164877,10,10,,Baguio City,5.6,1159149605,POINT (120.5699426 16.4299907)
25,4,50,5,Admin-0 capital alt,Dodoma,,,Dodoma,0,1,Offical capital,0,0,United Republic of Tanzania,TZA,Tanzania,TZA,Dodoma,TZ,,-6.183306,35.750004,218269,180541,0,10,9,,Dodoma,5.6,1159149731,POINT (35.7500036 -6.1833061)
26,4,50,7,Admin-0 capital,Bern,,,Bern,1,0,,0,0,Switzerland,CHE,Switzerland,CHE,Bern,CH,,46.916683,7.466976,275329,121631,267814,10,9,,Bern,5.6,1159149737,POINT (7.4669755 46.9166828)
27,4,50,5,Admin-0 capital alt,Laayoune,,,Laayoune,0,1,Claimed as capi,0,0,Morocco,MAR,Morocco,MAR,Laâyoune - Boujdour - Sakia El Hamra,MA,,27.149982,-13.200006,188084,176365,176365,9,9,,Laayoune,5.6,1159149741,POINT (-13.2000059 27.1499823)
28,4,50,8,Admin-0 capital,Pristina,,,Pristina,1,0,,0,0,Kosovo,KOS,Kosovo,KOS,Pristina,-99,,42.66671,21.165984,465186,198214,261783,10,9,,Pristina,5.6,1159149757,POINT (21.1659843 42.6667096)
29,4,50,8,Admin-0 capital,Roseau,,,Roseau,1,0,,0,0,Dominica,DMA,Dominica,DMA,Saint George,DM,,15.301016,-61.387013,23336,16571,23336,7,6,,Roseau,5.1,1159149847,POINT (-61.387013 15.3010156)
30,4,50,8,Admin-0 capital,Djibouti,,,Djibouti,1,0,,0,0,Djibouti,DJI,Djibouti,DJI,Djibouti,DJ,,11.595015,43.148002,923000,604013,335001,11,11,,Djibouti,5.6,1159149869,POINT (43.1480017 11.5950145)
31,4,50,6,Admin-0 capital alt,Putrajaya,,,Putrajaya,0,1,Administrative,0,0,Malaysia,MYS,Malaysia,MYS,Selangor,MY,,2.91402,101.701947,67964,50000,956431,8,7,,Putrajaya,5.6,1159149883,POINT (101.6950374044619 2.9325152122667406)
32,4,50,2,Admin-0 capital alt,Kyoto,,,Kyoto,0,1,Official capita,0,1,Japan,JPN,Japan,JPN,Kyoto,JP,,35.031938,135.748052,1805000,1459640,1827367,12,12,Kyoto,Kyoto,5.1,1159149967,POINT (135.7480521 35.0319381)
33,4,50,8,Admin-0 capital,Banjul,,,Banjul,1,0,,0,0,"Gambia, The",GMB,The Gambia,GMB,Banjul,GM,,13.453877,-16.591702,43094,34589,581300,7,7,,Banjul,5.6,1159149997,POINT (-16.5917015 13.4538765)
34,4,50,8,Admin-0 capital,Skopje,,,Skopje,1,0,,0,0,North Macedonia,MKD,North Macedonia,MKD,Centar,MK,,42.000006,21.433462,494087,474889,491890,10,10,,Skopje,5.6,1159150073,POINT (21.4334615 42.0000061)
35,4,50,8,Admin-0 capital,Bridgetown,,,Bridgetown,1,0,,0,0,Barbados,BRB,Barbados,BRB,Saint Michael,BB,,13.102003,-59.616527,191152,96578,191814,9,8,,Bridgetown,5.6,1159150339,POINT (-59.6165267 13.1020026)
36,4,50,8,Admin-0 capital alt,Porto-Novo,,,Porto-Novo,0,1,Official capita,0,0,Benin,BEN,Benin,BEN,Ouémé,BJ,,6.483311,2.616626,300000,234168,806945,10,10,,Porto-Novo,5.6,1159150345,POINT (2.6166255 6.483311)
37,4,50,8,Admin-0 capital,Bujumbura,,,Bujumbura,1,0,,0,0,Burundi,BDI,Burundi,BDI,Bujumbura Mairie,BI,,-3.376087,29.360006,331700,331700,1208361,10,10,,Bujumbura,5.6,1159150427,POINT (29.3600061 -3.3760872)
38,4,50,0,Admin-0 capital,Kingstown,,,Kingstown,1,0,,0,0,Saint Vincent and the Grenadines,VCT,Saint Vincent and the Grenadines,VCT,,VC,,13.148279,-61.212062,49485,24518,0,7,7,,Kingstown,5.1,1159150431,POINT (-61.220236420747256 13.155756013621149)
39,4,50,0,Admin-0 capital,Castries,,,Castries,1,0,,0,0,Saint Lucia,LCA,Saint Lucia,LCA,,LC,,14.001974,-61.000008,37963,10634,0,7,6,,Castries,5.6,1159150433,POINT (-60.99287543435381 14.007874585883364)
40,4,50,0,Admin-0 capital,Basseterre,,,Basseterre,1,0,,0,0,Saint Kitts and Nevis,KNA,Saint Kitts and Nevis,KNA,,KN,,17.302031,-62.717009,21887,15500,21887,7,6,,Basseterre,5.6,1159150435,POINT (-62.7170093 17.3020305)
41,4,50,0,Admin-0 capital,Port Louis,,,Port Louis,1,0,,0,0,Mauritius,MUS,Mauritius,MUS,,MU,,-20.166639,57.499994,595491,148416,304613,11,9,,Port Louis,5.6,1159150443,POINT (57.4999939 -20.1666386)
42,4,50,0,Admin-0 capital,Saint George's,,,Saint George's,1,0,,0,0,Grenada,GRD,Grenada,GRD,,GD,,12.052633,-61.741643,33734,27343,27343,7,7,,Saint Georgee۪s,5.1,1159150447,POINT (-61.7416432 12.0526334)
43,4,50,0,Admin-0 capital,Manama,,,Manama,1,0,,0,0,Bahrain,BHR,Bahrain,BHR,,BH,,26.236136,50.583052,563920,157474,563666,11,9,,Manama,5.6,1159150451,POINT (50.5830517 26.2361363)
44,4,50,0,Admin-0 capital,Saint John's,,,Saint John's,1,0,,0,0,Antigua and Barbuda,ATG,Antigua and Barbuda,ATG,,AG,,17.118037,-61.850034,35499,24226,0,7,7,,Saint John's,5.1,1159150457,POINT (-61.8500338 17.1180365)
45,3,110,8,Admin-0 capital,Montevideo,,,Montevideo,1,0,,0,1,Uruguay,URY,Uruguay,URY,Montevideo,UY,,-34.856096,-56.172998,1513000,5324,1276128,12,5,Montevideo,Montevideo,4.0,1159150469,POINT (-56.18682337831074 -34.90537638970807)
46,3,110,8,Admin-0 capital,Lomé,,Lome,Lome,1,0,,0,1,Togo,TGO,Togo,TGO,Maritime,TG,,6.133883,1.220811,1452000,749700,1256715,12,11,Lomi,Lome,5.0,1159150535,POINT (1.2208113 6.1338829)
47,3,110,7,Admin-0 capital,Tunis,,,Tunis,1,0,,0,0,Tunisia,TUN,Tunisia,TUN,Tunis,TN,,36.802778,10.179678,2412500,728453,1675117,12,11,,Tunis,5.0,1159150537,POINT (10.1796781 36.8027781)
48,3,110,8,Admin-0 capital,Abu Dhabi,,,Abu Dhabi,1,0,,0,0,United Arab Emirates,ARE,United Arab Emirates,ARE,Abu Dhabi,AE,,24.466684,54.366593,603492,560230,560230,11,11,,Abu Dhabi,5.0,1159150565,POINT (54.3665934 24.4666836)
49,3,110,8,Admin-0 capital,Ashgabat,,,Ashgabat,1,0,,0,0,Turkmenistan,TKM,Turkmenistan,TKM,Ahal,TM,,37.949995,58.383299,727700,577982,556048,11,11,,Ashgabat,5.0,1159150567,POINT (58.3832991 37.9499949)
50,3,110,6,Admin-0 capital,Lusaka,,,Lusaka,1,0,,0,1,Zambia,ZMB,Zambia,ZMB,Lusaka,ZM,,-15.414698,28.281382,1328000,1267440,1240558,12,12,Lusaka,Lusaka,4.0,1159150571,POINT (28.2813817 -15.4146984)
51,3,110,6,Admin-0 capital,Harare,,,Harare,1,0,,0,1,Zimbabwe,ZWE,Zimbabwe,ZWE,Harare,ZW,,-17.815844,31.042764,1572000,1542813,1831877,12,12,Harare,Harare,4.0,1159150573,POINT (31.0427636 -17.8158438)
52,3,110,8,Admin-0 capital,Dili,,,Dili,1,0,,0,0,East Timor,TLS,East Timor,TLS,Dili,TL,,-8.559388,125.579456,234331,193563,55154,10,9,,Dili,5.0,1159150577,POINT (125.5794559 -8.5593884)
53,3,110,8,Admin-0 capital,Port Vila,,,Port Vila,1,0,,0,0,Vanuatu,VUT,Vanuatu,VUT,Shefa,VU,,-17.73335,168.316641,44040,35901,7702,7,7,,Port-Vila,4.0,1159150579,POINT (168.3166406 -17.7333504)
54,3,110,8,Admin-0 capital,Tegucigalpa,,,Tegucigalpa,1,0,,0,1,Honduras,HND,Honduras,HND,Francisco Morazán,HN,,14.103991,-87.219475,946000,850848,1014546,11,11,Tegucigalpa,Tegucigalpa,5.0,1159150583,POINT (-87.2194752 14.1039908)
55,3,110,8,Admin-0 capital,Georgetown,,,Georgetown,1,0,,0,0,Guyana,GUY,Guyana,GUY,East Berbice-Corentyne,GY,,6.801974,-58.167029,264350,235017,264350,10,10,,Georgetown1,4.0,1159150585,POINT (-58.1670286 6.8019737)
56,3,110,8,Admin-0 capital,Reykjavík,,,Reykjavik,1,0,,0,0,Iceland,ISL,Iceland,ISL,Suðurnes,IS,,64.150024,-21.950015,166212,113906,160116,9,9,,Reykjavik,3.7,1159150587,POINT (-21.936546009025054 64.14345946317033)
57,3,110,8,Admin-0 capital,Port-au-Prince,,,Port-au-Prince,1,0,,0,1,Haiti,HTI,Haiti,HTI,Ouest,HT,,18.542971,-72.33798,1998000,1234742,2385397,12,12,Port-au-Prince,Port-au-Prince,5.0,1159150589,POINT (-72.3379804 18.5429705)
58,3,110,5,Admin-0 capital,Kampala,,,Kampala,1,0,,0,1,Uganda,UGA,Uganda,UGA,Kampala,UG,,0.318605,32.581378,1420000,1353189,2153702,12,12,Kampala,Kampala,5.0,1159150593,POINT (32.5813777 0.3186048)
59,3,110,8,Admin-0 capital,Paramaribo,,,Paramaribo,1,0,,0,0,Suriname,SUR,Suriname,SUR,Paramaribo,SR,,5.83503,-55.167031,254169,223757,248161,10,10,,Paramaribo,5.0,1159150597,POINT (-55.1670309 5.8350301)
60,3,110,6,Admin-0 capital,Niamey,,,Niamey,1,0,,0,1,Niger,NER,Niger,NER,Niamey,NE,,13.518652,2.11471,915000,742791,715325,11,11,Niamey,Niamey,5.0,1159150605,POINT (2.1147102 13.5186518)
61,3,110,8,Admin-0 capital,Dushanbe,,,Dushanbe,1,0,,0,0,Tajikistan,TJK,Tajikistan,TJK,Tadzhikistan Territories,TJ,,38.560035,68.773879,1086244,679400,1081361,12,11,,Dushanbe,5.0,1159150609,POINT (68.7738794 38.5600352)
62,3,110,7,Admin-0 capital,Asunción,,Asuncion,Asuncion,1,0,,0,1,Paraguay,PRY,Paraguay,PRY,Asunción,PY,,-25.294457,-57.643451,1870000,11693,636771,12,6,Asuncian,Asuncion,4.0,1159150621,POINT (-57.62583375528301 -25.29067083610963)
63,3,110,8,Admin-0 capital,Managua,,,Managua,1,0,,0,1,Nicaragua,NIC,Nicaragua,NIC,Managua,NI,,12.154962,-86.270438,920000,920000,1088194,11,11,Managua,Managua,5.0,1159150623,POINT (-86.2704375 12.1549624)
64,3,110,8,Admin-0 capital,Freetown,,,Freetown,1,0,,0,1,Sierra Leone,SLE,Sierra Leone,SLE,Western,SL,,8.471957,-13.236162,827000,13768,1074640,11,6,Freetown,Freetown,5.0,1159150625,POINT (-13.2361616 8.4719573)
65,3,110,2,Admin-0 capital,Islamabad,,,Islamabad,1,0,,0,1,Pakistan,PAK,Pakistan,PAK,F.C.T.,PK,,33.701942,73.164689,780000,601600,893673,11,11,Islamabad,Islamabad,5.0,1159150645,POINT (73.08063017764825 33.689368483707085)
66,3,110,6,Admin-0 capital,Kathmandu,,,Kathmandu,1,0,,0,1,Nepal,NPL,Nepal,NPL,Bhaktapur,NP,,27.718638,85.314696,895000,895000,1099610,11,11,Kathmandu,Kathmandu,5.0,1159150655,POINT (85.3146964 27.7186378)
67,3,110,3,Admin-0 capital,Bloemfontein,,,Bloemfontein,1,0,Judicial capita,0,0,South Africa,ZAF,South Africa,ZAF,Orange Free State,ZA,,-29.119994,26.229913,463064,456669,456513,10,10,,Bloemfontein,5.0,1159150659,POINT (26.2299129 -29.1199939)
68,3,110,3,Admin-0 capital,Pretoria,,,Pretoria,1,0,Administrative,0,1,South Africa,ZAF,South Africa,ZAF,Gauteng,ZA,,-25.704975,28.227483,1338000,1338000,1443084,12,12,Pretoria,Pretoria,5.0,1159150661,POINT (28.2274832 -25.7049747)
69,3,110,8,Admin-0 capital,Port Moresby,,,Port Moresby,1,0,,0,0,Papua New Guinea,PNG,Papua New Guinea,PNG,Central,PG,,-9.464708,147.192504,283733,251136,251304,10,10,,Port Moresby,4.0,1159150663,POINT (147.1925036 -9.4647078)
70,3,110,8,Admin-0 capital,Honiara,,,Honiara,1,0,,0,0,Solomon Islands,SLB,Solomon Islands,SLB,Guadalcanal,SB,,-9.437994,159.949766,76328,56298,76328,8,8,,Honiara,5.0,1159150665,POINT (159.9497657 -9.4379943)
71,3,110,8,Admin-0 capital,Panama City,,Ciudad de Panam|Panama,Panama City,1,0,,0,1,Panama,PAN,Panama,PAN,Panama,PA,,8.969963,-79.534983,1281000,408168,939725,12,10,Ciudad de Panam,Panama City1,5.0,1159150667,POINT (-79.534983 8.969963)
72,3,110,5,Admin-0 capital,Rabat,,,Rabat,1,0,,0,1,Morocco,MAR,Morocco,MAR,Rabat - Salé - Zemmour - Zaer,MA,,34.025307,-6.836408,1705000,1655753,2029349,12,12,Rabat,Rabat,5.0,1159150673,POINT (-6.8364082 34.0253073)
73,3,110,8,Admin-0 capital,Chișinău,,,Chisinau,1,0,,0,0,Moldova,MDA,Moldova,MDA,Chisinau,MD,,47.005024,28.857711,688134,635994,664472,11,11,,Chisinau,5.0,1159150677,POINT (28.8577111 47.0050236)
74,3,110,6,Admin-0 capital,Maputo,,,Maputo,1,0,,0,1,Mozambique,MOZ,Mozambique,MOZ,Maputo,MZ,,-25.953332,32.587217,1446000,1191613,1365454,12,12,Maputo,Maputo,5.0,1159150683,POINT (32.5872171 -25.9533316)
75,3,110,8,Admin-0 capital,Mogadishu,,Muqdisho,Mogadishu,1,0,,0,1,Somalia,SOM,Somalia,SOM,Banaadir,SO,,2.068627,45.364732,1100000,875388,849392,12,11,Muqdisho,Mogadishu,4.0,1159150715,POINT (45.3647318 2.0686272)
76,3,110,8,Admin-0 capital,Muscat,,,Muscat,1,0,,0,0,Oman,OMN,Oman,OMN,Muscat,OM,,23.613325,58.593312,734697,586861,586861,11,11,,Muscat,5.0,1159150717,POINT (58.37831058458708 23.58517901476684)
77,3,110,6,Admin-0 capital,Colombo,,,Colombo,1,0,"De facto, admin",0,0,Sri Lanka,LKA,Sri Lanka,LKA,Colombo,LK,,6.931966,79.857751,217000,217000,2490974,10,10,,Colombo,5.0,1159150719,POINT (79.8577506 6.9319658)
78,3,110,7,Admin-0 capital,Ulaanbaatar,,,Ulaanbaatar,1,0,,0,1,Mongolia,MNG,Mongolia,MNG,Ulaanbaatar,MN,,47.918619,106.91467,885000,769612,765359,11,11,Ulaanbaatar,Ulaanbaatar,4.0,1159150781,POINT (106.9146699 47.9186193)
79,3,110,6,Admin-0 capital,Windhoek,,,Windhoek,1,0,,0,0,Namibia,NAM,Namibia,NAM,Khomas,NA,,-22.570006,17.083546,268132,262796,262796,10,10,,Windhoek,5.0,1159150785,POINT (17.0835461 -22.5700061)
80,3,110,2,Admin-0 capital,Abuja,,,Abuja,1,0,Official and ad,0,1,Nigeria,NGA,Nigeria,NGA,Federal Capital Territory,NG,,9.085279,7.531382,1576000,162135,0,12,9,Abuja,Abuja,4.0,1159150799,POINT (7.489505042885861 9.054620406360845)
81,3,110,8,Admin-0 capital,Bissau,,,Bissau,1,0,,0,0,Guinea Bissau,GNB,Guinea Bissau,GNB,Bissau,GW,,11.865024,-15.598361,403339,388028,403339,10,10,,Bissau,5.0,1159150803,POINT (-15.5983608 11.8650238)
82,3,110,8,Admin-0 capital,Amman,,,Amman,1,0,,0,1,Jordan,JOR,Jordan,JOR,Amman,JO,,31.951971,35.931354,1060000,1060000,2633729,12,12,Amman,Amman,5.0,1159150807,POINT (35.9313541 31.9519711)
83,3,110,8,Admin-0 capital,Vilnius,,,Vilnius,1,0,,0,0,Lithuania,LTU,Lithuania,LTU,Vilniaus,LT,,54.683366,25.316635,542366,507029,494356,11,11,,Vilnius,5.0,1159150809,POINT (25.3166353 54.6833663)
84,3,110,8,Admin-0 capital,Riga,,,Riga,1,0,,0,0,Latvia,LVA,Latvia,LVA,Riga,LV,,56.950024,24.099965,742572,705033,0,11,11,,Riga,4.0,1159150811,POINT (24.0999654 56.9500238)
85,3,110,8,Admin-0 capital,Bishkek,,,Bishkek,1,0,,0,1,Kyrgyzstan,KGZ,Kyrgyzstan,KGZ,Bishkek,KG,,42.875025,74.583258,837000,804212,781714,11,11,Bishkek,Bishkek,5.0,1159150813,POINT (74.5832584 42.8750253)
86,3,110,8,Admin-0 capital,Maseru,,,Maseru,1,0,,0,0,Lesotho,LSO,Lesotho,LSO,Maseru,LS,,-29.316674,27.483273,361324,118355,356225,10,9,,Maseru,5.0,1159150831,POINT (27.4832731 -29.3166744)
87,3,110,6,Admin-0 capital,Antananarivo,,,Antananarivo,1,0,,0,1,Madagascar,MDG,Madagascar,MDG,Antananarivo,MG,,-18.914692,47.514678,1697000,1391433,1844658,12,12,Antananarivo,Antananarivo,5.0,1159150835,POINT (47.514678 -18.9146915)
88,3,110,7,Admin-0 capital,Quito,,,Quito,1,0,,0,1,Ecuador,ECU,Ecuador,ECU,Pichincha,EC,,-0.213042,-78.501997,1701000,1399814,1435528,12,12,Quito,Quito,4.0,1159150847,POINT (-78.501997 -0.2130423)
89,3,110,8,Admin-0 capital,San José,,San Jose,San Jose,1,0,,0,1,Costa Rica,CRI,Costa Rica,CRI,San José,CR,,9.936958,-84.085997,1284000,1724,1434681,12,3,San Josi,San Jose1,5.0,1159150849,POINT (-84.07881396964633 9.930370727948475)
90,3,110,8,Admin-0 capital,San Salvador,,,San Salvador,1,0,,0,1,El Salvador,SLV,El Salvador,SLV,San Salvador,SV,,13.711948,-89.204987,1433000,2807,2139587,12,4,San Salvador,San Salvador,5.0,1159150853,POINT (-89.2155758045276 13.703280259193864)
91,3,110,8,Admin-0 capital,Kingston,,,Kingston,1,0,,0,0,Jamaica,JAM,Jamaica,JAM,Kingston,JM,,17.977077,-76.767434,937700,664973,18171,11,11,,Kingston1,5.0,1159150855,POINT (-76.7674337 17.9770766)
92,3,110,7,Admin-0 capital,N'Djamena,,N'Djamnna,Ndjamena,1,0,,0,1,Chad,TCD,Chad,TCD,Hadjer-Lamis,TD,,12.115042,15.047203,989000,681387,686347,11,11,N'Djam-na,Ndjamena,5.0,1159150863,POINT (15.0472025 12.1150424)
93,3,110,8,Admin-0 capital,Malabo,,,Malabo,1,0,,0,0,Equatorial Guinea,GNQ,Equatorial Guinea,GNQ,Bioko Norte,GQ,,3.750015,8.783278,155963,155963,0,9,9,,Malabo,5.0,1159150867,POINT (8.7832775 3.7500153)
94,3,110,8,Admin-0 capital,Asmara,,,Asmara,1,0,,0,0,Eritrea,ERI,Eritrea,ERI,Anseba,ER,,15.333339,38.933324,620802,563930,587094,11,11,,Asmara,5.0,1159150873,POINT (38.9333235 15.3333393)
95,3,110,8,Admin-0 capital,Zagreb,,,Zagreb,1,0,,0,0,Croatia,HRV,Croatia,HRV,Grad Zagreb,HR,,45.800007,15.999995,722526,698966,690638,11,11,,Zagreb,5.0,1159150875,POINT (15.9999947 45.8000067)
96,3,110,8,Admin-0 capital,Tallinn,,,Tallinn,1,0,,0,0,Estonia,EST,Estonia,EST,Harju,EE,,59.433877,24.728041,394024,340027,317949,10,10,,Tallinn,5.0,1159150877,POINT (24.7280407 59.4338774)
97,3,110,8,Admin-0 capital,Lilongwe,,,Lilongwe,1,0,,0,0,Malawi,MWI,Malawi,MWI,Lilongwe,MW,,-13.983295,33.783302,646750,646750,1061388,11,11,,Lilongwe,5.0,1159150907,POINT (33.783302 -13.9832951)
98,3,110,8,Admin-0 capital,Guatemala City,,Ciudad de Guatemala (Guatemala City),Guatemala,1,0,,0,1,Guatemala,GTM,Guatemala,GTM,Guatemala,GT,,14.623081,-90.528911,1024000,994938,2391150,12,11,Ciudad de Guatemala (Guatemala City),Guatemala,5.0,1159150909,POINT (-90.5289114 14.6230805)
99,3,110,7,Admin-0 capital,Libreville,,,Libreville,1,0,,0,0,Gabon,GAB,Gabon,GAB,Estuaire,GA,,0.385389,9.457965,578156,483355,483522,11,10,,Libreville,5.0,1159150913,POINT (9.457965 0.3853886)
100,3,110,8,Admin-0 capital,Suva,,,Suva,1,0,,0,0,Fiji,FJI,Fiji,FJI,Central,FJ,,-18.133016,178.441707,175399,88271,0,9,8,,Suva,5.0,1159150917,POINT (178.4417073 -18.1330159)
101,3,110,3,Admin-0 capital alt,Valparaíso,,Valparaiso,Valparaiso,0,1,Legislative cap,0,1,Chile,CHL,Chile,CHL,Valparaíso,CL,,-33.045819,-71.62296,854000,15938,130815,11,6,Valpara so,Valparaiso2,5.0,1159150931,POINT (-71.61702619154609 -33.04773936269631)
102,3,110,7,Admin-0 capital,Nouakchott,,,Nouakchott,1,0,,0,0,Mauritania,MRT,Mauritania,MRT,Nouakchott,MR,,18.086427,-15.97534,742144,661400,742144,11,11,,Nouakchott,5.0,1159150943,POINT (-15.9753404 18.086427)
103,3,110,6,Admin-0 capital,Bamako,,,Bamako,1,0,,0,1,Mali,MLI,Mali,MLI,Bamako,ML,,12.651961,-8.001985,1494000,1297281,1301407,12,12,Bamako,Bamako,4.0,1159150945,POINT (-8.001985 12.6519605)
104,3,110,8,Admin-0 capital,Beirut,,Bayrut,Beirut,1,0,,0,1,Lebanon,LBN,Lebanon,LBN,Beirut,LB,,33.873921,35.507762,1846000,1712125,1661980,12,12,Bayrut,Beirut,5.0,1159150957,POINT (35.5077624 33.873921)
105,3,110,8,Admin-0 capital,Tbilisi,,T'Bilisi,Tbilisi,1,0,,0,1,Georgia,GEO,Georgia,GEO,Tbilisi,GE,,41.726956,44.78885,1100000,1005257,977179,12,12,Tbilisi,Tbilisi,5.0,1159150961,POINT (44.7888496 41.7269558)
106,3,110,6,Admin-0 capital,Nur-Sultan,Astana,,Astana,1,0,,0,0,Kazakhstan,KAZ,Kazakhstan,KAZ,Aqmola,KZ,,51.181125,71.427774,345604,325021,317445,10,10,,Astana,4.0,1159150965,POINT (71.4277742 51.1811253)
107,3,110,8,Admin-0 capital,Vientiane,,,Vientiane,1,0,,0,0,Laos,LAO,Laos,LAO,Vientiane [prefecture],LA,,17.966693,102.59998,754000,570348,469811,11,11,,Vientiane,5.0,1159150991,POINT (102.59998 17.9666927)
108,3,110,7,Admin-0 capital,Brazzaville,,,Brazzaville,1,0,,0,1,Congo (Brazzaville),COG,Congo (Brazzaville),COG,Pool,CG,,-4.25724,15.282744,1355000,1163890,1174778,12,12,Brazzaville,Brazzaville,5.0,1159150993,POINT (15.2827436 -4.2572399)
109,3,110,8,Admin-0 capital,Conakry,,,Conakry,1,0,,0,1,Guinea,GIN,Guinea,GIN,Conakry,GN,,9.533469,-13.682181,1494000,1494000,1498020,12,12,Conakry,Conakry,5.0,1159150997,POINT (-13.6821809 9.5334687)
110,3,110,8,Admin-0 capital,Yamoussoukro,,,Yamoussoukro,1,1,Official capita,0,0,Ivory Coast,CIV,Ivory Coast,CIV,Lacs,CI,,6.818381,-5.275503,206499,194530,206499,10,9,,Yamoussoukro,5.0,1159150999,POINT (-5.2755026 6.818381)
111,3,110,2,Admin-0 capital,Ottawa,,Ottawa-Gatineau,Ottawa,1,0,,0,1,Canada,CAN,Canada,CAN,Ontario,CA,,45.418643,-75.701961,1145000,812129,872781,12,11,Ottawa-Gatineau,Ottawa,3.0,1159151059,POINT (-75.7019612 45.4186427)
112,3,110,8,Admin-0 capital,Belgrade,Beograd,,Belgrade,1,0,,0,1,Republic of Serbia,SRB,Serbia,SRB,Grad Beograd,RS,,44.820591,20.466045,1099000,1099000,1271541,12,12,Beograd,Belgrade,5.0,1159151079,POINT (20.4660448 44.8205913)
113,3,110,8,Admin-0 capital,Bandar Seri Begawan,,,Bandar Seri Begawan,1,0,,0,0,Brunei,BRN,Brunei,BRN,Brunei and Muara,BN,,4.883331,114.933284,296500,140000,222513,10,9,,Bandar Seri Begawan,5.0,1159151083,POINT (114.9332841 4.8833311)
114,3,110,6,Admin-0 capital,Sucre,,,Sucre,1,0,Official (const,0,0,Bolivia,BOL,Bolivia,BOL,Chuquisaca,BO,,-19.040971,-65.259516,224838,221736,221736,10,10,,Sucre,4.7,1159151095,POINT (-65.2595156 -19.0409708)
115,3,110,8,Admin-0 capital,Belmopan,,,Belmopan,1,0,,0,0,Belize,BLZ,Belize,BLZ,Cayo,BZ,,17.252034,-88.767073,15220,13381,15220,6,6,,Belmopan,5.0,1159151109,POINT (-88.767073 17.2520335)
116,3,110,7,Admin-0 capital,Bangui,,,Bangui,1,0,,0,0,Central African Republic,CAF,Central African Republic,CAF,Bangui,CF,,4.366644,18.558288,831925,622771,782274,11,11,,Bangui,5.0,1159151111,POINT (18.5582881 4.3666443)
117,3,110,6,Admin-0 capital,Yaoundé,,Yaounde,Yaounde,1,0,,0,1,Cameroon,CMR,Cameroon,CMR,Centre,CM,,3.868647,11.514705,1611000,1060587,1060747,12,12,Yaound,Yaounde,5.0,1159151115,POINT (11.5147049 3.8686465)
118,3,110,8,Admin-0 capital,Tirana,,,Tirana,1,0,,0,0,Albania,ALB,Albania,ALB,Durrës,AL,,41.327541,19.818883,895350,421286,517792,11,10,,Tirana,5.0,1159151117,POINT (19.818883 41.3275407)
119,3,110,8,Admin-0 capital,Yerevan,,,Yerevan,1,0,,0,1,Armenia,ARM,Armenia,ARM,Erevan,AM,,40.183097,44.511606,1102000,1093485,1154748,12,12,Yerevan,Yerevan,5.0,1159151119,POINT (44.5116055 40.1830966)
120,3,110,8,Admin-0 capital,Baku,,,Baku,1,0,,0,1,Azerbaijan,AZE,Azerbaijan,AZE,Baki,AZ,,40.397218,49.860271,2122300,1892000,1518801,12,12,Baku,Baku,5.0,1159151123,POINT (49.8602713 40.3972179)
121,3,110,8,Admin-0 capital,Phnom Penh,,Phnum Penh,Phnom Penh,1,0,,0,1,Cambodia,KHM,Cambodia,KHM,Phnom Penh,KH,,11.551976,104.914689,1466000,1466000,1604086,12,12,Phnum Penh,Phnom Penh,5.0,1159151127,POINT (104.9146886 11.551976)
122,3,110,6,Admin-0 capital,La Paz,,,La Paz,1,0,Administrative,0,1,Bolivia,BOL,Bolivia,BOL,La Paz,BO,,-16.496028,-68.151931,1590000,812799,4400,12,11,La Paz,La Paz3,4.0,1159151133,POINT (-68.151931 -16.4960278)
123,3,110,8,Admin-0 capital,Cotonou,,,Cotonou,1,0,"De facto, admin",0,1,Benin,BEN,Benin,BEN,Ouémé,BJ,,6.401954,2.518045,762000,690584,1060640,11,11,Cotonou,Cotonou,5.0,1159151141,POINT (2.4043547908879517 6.3629803922426715)
124,3,110,7,Admin-0 capital,Sofia,,,Sofia,1,0,,0,1,Bulgaria,BGR,Bulgaria,BGR,Grad Sofiya,BG,,42.685295,23.314708,1185000,874827,871735,12,11,Sofia,Sofia,5.0,1159151147,POINT (23.3147082 42.6852953)
125,3,110,6,Admin-0 capital,Minsk,,,Minsk,1,0,,0,1,Belarus,BLR,Belarus,BLR,Minsk,BY,,53.901923,27.564681,1805000,1577138,1557919,12,12,Minsk,Minsk,5.0,1159151149,POINT (27.5646813 53.9019233)
126,3,110,8,Admin-0 capital,Thimphu,,,Thimphu,1,0,,0,0,Bhutan,BTN,Bhutan,BTN,Thimphu,BT,,27.472986,89.639014,98676,79185,0,8,8,,Thimphu,5.0,1159151151,POINT (89.639014 27.4729859)
127,3,110,7,Admin-0 capital,Gaborone,,,Gaborone,1,0,,0,0,Botswana,BWA,Botswana,BWA,South-East,BW,,-24.646314,25.911948,208411,159243,158896,10,9,,Gaborone,5.0,1159151153,POINT (25.9119478 -24.6463135)
128,3,110,3,Admin-0 capital,Canberra,,,Canberra,1,0,,0,0,Australia,AUS,Australia,AUS,Australian Capital Territory,AU,,-35.283029,149.129026,327700,234032,0,10,10,,Canberra,4.0,1159151161,POINT (149.1290262 -35.2830285)
129,3,110,8,Admin-0 capital,Ouagadougou,,,Ouagadougou,1,0,,0,1,Burkina Faso,BFA,Burkina Faso,BFA,Kadiogo,BF,,12.372262,-1.52667,1149000,835457,713874,12,11,Ouagadougou,Ouagadougou,5.0,1159151173,POINT (-1.5266696 12.3722618)
130,3,110,8,Admin-0 capital,Sarajevo,,,Sarajevo,1,0,,0,0,Bosnia and Herzegovina,BIH,Bosnia and Herzegovina,BIH,Sarajevo,BA,,43.850022,18.383002,696731,628902,627065,11,11,,Sarajevo,5.0,1159151177,POINT (18.3830017 43.8500224)
131,3,110,5,Admin-0 capital,Naypyidaw,,Nay Pyi Taw,Naypyidaw,1,0,,0,1,Myanmar,MMR,Myanmar,MMR,Mandalay,MM,,19.768503,96.116673,930000,194824,0,11,9,Nay Pyi Taw,Naypyidaw,5.0,1159151179,POINT (96.1166727 19.7685029)
132,3,110,0,Admin-0 capital,Nuku'alofa,,,Nukualofa,1,0,,0,0,Tonga,TON,Tonga,TON,,TO,,-21.138512,-175.220565,42620,23658,42620,7,7,,Nukualofa,5.0,1159151187,POINT (-175.2205645 -21.1385124)
133,3,110,0,Admin-0 capital,Hargeisa,,Hargeysa,Hargeysa,1,0,,0,0,Somaliland,SOL,Somaliland,SOL,,-99,,9.560022,44.06531,477876,247018,247018,10,10,,Hargeysa,5.0,1159151189,POINT (44.06531 9.5600224)
134,3,110,0,Admin-0 capital,Victoria,,,Victoria,1,0,,0,0,Seychelles,SYC,Seychelles,SYC,,SC,,-4.616632,55.44999,33576,22881,33737,7,7,,Victoria4,5.0,1159151191,POINT (55.4499898 -4.6166317)
135,3,110,0,Admin-0 capital,São Tomé,,,Sao Tome,1,0,,0,0,Sao Tome and Principe,STP,Sao Tome and Principe,STP,,ST,,0.333402,6.733325,88219,56166,88219,8,8,,Sao Tome,5.0,1159151195,POINT (6.729649806269851 0.3374664069826239)
136,3,110,0,Admin-0 capital,Apia,,,Apia,1,0,,0,0,Samoa,WSM,Samoa,WSM,,WS,,-13.841545,-171.738642,61916,37708,0,8,7,,Apia,5.0,1159151197,POINT (-171.76859897688345 -13.835714958212938)
137,3,110,0,Admin-0 capital,Valletta,,,Valletta,1,0,,0,0,Malta,MLT,Malta,MLT,,MT,,35.899733,14.514711,368250,6966,336174,10,5,,Valletta,5.0,1159151199,POINT (14.5147107 35.8997325)
138,3,110,0,Admin-0 capital,Malé,,,Male,1,0,,0,0,Maldives,MDV,Maldives,MDV,,MV,,4.166708,73.499948,112927,103693,0,9,9,,Male,5.0,1159151201,POINT (73.5089005260037 4.17203699470936)
139,3,110,0,Admin-0 capital,Jerusalem,,,Jerusalem,1,0,De facto capita,0,0,Israel,IS1,Israel,ISR,Jerusalem,IL,,31.778408,35.206626,1029300,801000,1072567,12,11,,Jerusalem,3.7,1159151203,POINT (35.2066259 31.7784078)
140,3,110,0,Admin-0 capital,Praia,,,Praia,1,0,,0,0,Cape Verde,CPV,Cape Verde,CPV,,CV,,14.916698,-23.516689,113364,88859,89205,9,8,,Praia,5.0,1159151205,POINT (-23.5166889 14.916698)
141,3,110,0,Admin-0 capital,Nassau,,,Nassau,1,0,,0,0,"Bahamas, The",BHS,The Bahamas,BHS,,BS,,25.08339,-77.350044,227940,160966,0,10,9,,Nassau,5.0,1159151207,POINT (-77.3500438 25.0833901)
142,3,110,0,Admin-0 capital,Nicosia,,,Nicosia,1,0,Capital of both,0,0,Cyprus,CYP,Cyprus,CYP,,CY,,35.166677,33.366635,224300,200452,222985,10,10,,Nicosia,5.0,1159151209,POINT (33.3666349 35.1666765)
143,3,110,8,Admin-0 capital,Wellington,,,Wellington,1,0,,0,0,New Zealand,NZL,New Zealand,NZL,Manawatu-Wanganui,NZ,Wellington metropolitan area,-41.299988,174.783266,393400,393400,0,10,9,,Wellington,4.0,1159151699,POINT (174.77720094690068 -41.2920679923151)
144,2,200,5,Admin-0 capital,Hanoi,,H,Hanoi,1,0,,0,1,Vietnam,VNM,Vietnam,VNM,Thái Nguyên,VN,,21.035273,105.848068,4378000,1431270,5466347,12,12,Hh Noi,Hanoi,4.0,1159151251,POINT (105.8480683 21.0352731)
145,2,200,5,Admin-0 capital,Ankara,,,Ankara,1,0,,0,1,Turkey,TUR,Turkey,TUR,Ankara,TR,,39.929184,32.862446,3716000,3307379,3267576,12,12,Ankara,Ankara,4.0,1159151255,POINT (32.8624458 39.9291844)
146,2,200,6,Admin-0 capital,Budapest,,,Budapest,1,0,,1,1,Hungary,HUN,Hungary,HUN,Budapest,HU,,47.501952,19.081375,1679000,1679000,1718895,12,12,Budapest,Budapest,4.7,1159151257,POINT (19.0813748 47.5019522)
147,2,200,6,Admin-0 capital,Sanaa,,Sana'a',Sanaa,1,0,,0,1,Yemen,YEM,Yemen,YEM,Amanat Al Asimah,YE,,15.356679,44.204648,2008000,1835853,1742507,12,12,Sana'a',Sanaa,4.0,1159151259,POINT (44.2046475 15.3566792)
148,2,200,6,Admin-0 capital,Bucharest,Bucuresti,,Bucharest,1,0,,1,1,Romania,ROU,Romania,ROU,Bucharest,RO,,44.435318,26.098001,1942000,1742194,1636574,12,12,Bucuresti,Bucharest,4.0,1159151263,POINT (26.0980008 44.4353177)
149,2,200,6,Admin-0 capital,Damascus,,Dimashq,Damascus,1,0,,0,1,Syria,SYR,Syria,SYR,Damascus,SY,,33.50198,36.29805,2466000,2466000,3344577,12,12,Dimashq,Damascus,4.7,1159151269,POINT (36.29805 33.5019799)
150,2,200,6,Admin-0 capital,Lisbon,Lisboa,,Lisbon,1,0,,1,1,Portugal,PRT,Portugal,PRT,Lisboa,PT,,38.724669,-9.146812,2812000,517802,1795582,12,11,Lisboa,Lisbon,4.0,1159151273,POINT (-9.1468122 38.7246687)
151,2,200,5,Admin-0 capital,Khartoum,,Al-Khartum,Khartoum,1,0,,0,1,Sudan,SDN,Sudan,SDN,Khartoum,SD,,15.590024,32.532233,4754000,1974647,2325931,12,12,Al-Khartum,Khartoum,4.0,1159151275,POINT (32.5322334 15.5900241)
152,2,200,7,Admin-0 capital,Oslo,,,Oslo,1,0,,1,1,Kingdom of Norway,NOR,Norway,NOR,Oslo,NO,,59.918636,10.748033,835000,580000,701804,11,11,Oslo,Oslo,4.0,1159151281,POINT (10.7480333 59.9186361)
153,2,200,5,Admin-0 capital,Warsaw,Warszawa,,Warsaw,1,0,,1,1,Poland,POL,Poland,POL,Masovian,PL,,52.251947,20.998054,1707000,1702139,2012431,12,12,Warszawa,Warsaw,4.0,1159151299,POINT (21.005346737742283 52.23087197353951)
154,2,200,6,Admin-0 capital,Pyongyang,,P'yongyang,Pyongyang,1,0,,0,1,"Korea, North",PRK,North Korea,PRK,P'yongyang,KP,,39.021385,125.752745,3300000,2498797,2483216,12,12,P'yongyang,Pyongyang,4.7,1159151303,POINT (125.7527449 39.0213846)
155,2,200,5,Admin-0 capital,Dar es Salaam,,,Dar es Salaam,1,0,De facto capita,0,1,United Republic of Tanzania,TZA,Tanzania,TZA,Dar-Es-Salaam,TZ,,-6.798067,39.266396,2930000,2698652,2757835,12,12,Dar es Salaam,Dar es Salaam,4.0,1159151305,POINT (39.266396 -6.7980667)
156,2,200,8,Admin-0 capital,Dublin,,,Dublin,1,0,,1,1,Ireland,IRL,Ireland,IRL,Dublin,IE,,53.335007,-6.250852,1059000,968976,22478,12,11,Dublin,Dublin2,4.0,1159151309,POINT (-6.256979517281132 53.34673124898314)
157,2,200,8,Admin-0 capital,Monrovia,,,Monrovia,1,0,,0,1,Liberia,LBR,Liberia,LBR,Montserrado,LR,,6.314582,-10.79966,1041000,785662,806416,12,11,Monrovia,Monrovia,4.0,1159151311,POINT (-10.7996604 6.3145816)
158,2,200,6,Admin-0 capital,Kuala Lumpur,,,Kuala Lumpur,1,0,Official and le,1,1,Malaysia,MYS,Malaysia,MYS,Selangor,MY,,3.168612,101.698037,1448000,1448000,2667990,12,12,Kuala Lumpur,Kuala Lumpur,4.0,1159151317,POINT (101.68869929106194 3.1397969439352504)
159,2,200,6,Admin-0 capital,Havana,,La Habana,Havana,1,0,,0,1,Cuba,CUB,Cuba,CUB,Ciudad de la Habana,CU,,23.133905,-82.366128,2174000,1990917,1930305,12,12,La Habana,Havana,4.0,1159151347,POINT (-82.366128 23.1339047)
160,2,200,7,Admin-0 capital,Prague,Praha,,Prague,1,0,,1,1,Czechia,CZE,Czechia,CZE,Prague,CZ,,50.085283,14.464034,1162000,2087,1088042,12,4,Praha,Prague,4.7,1159151359,POINT (14.422939486203868 50.0869665373215)
161,2,200,8,Admin-0 capital,Kuwait City,,Al Kuwayt|Kuwait,Kuwait City,1,0,,0,1,Kuwait,KWT,Kuwait,KWT,Al Kuwayt,KW,,29.371664,47.976355,2063000,60064,1682968,12,8,Al Kuwayt (Kuwait City),Kuwait,4.0,1159151361,POINT (47.9763553 29.3716635)
162,2,200,8,Admin-0 capital,Santo Domingo,,,Santo Domingo,1,0,,0,1,Dominican Republic,DOM,Dominican Republic,DOM,Distrito Nacional,DO,,18.472019,-69.902031,2154000,2873,3322037,12,4,Santo Domingo,Santo Domingo,4.0,1159151401,POINT (-69.92974231579055 18.470745058048376)
163,2,200,6,Admin-0 capital,Accra,,,Accra,1,0,,0,1,Ghana,GHA,Ghana,GHA,Greater Accra,GH,,5.551981,-0.218662,2121000,1963264,2334371,12,12,Accra,Accra,4.0,1159151403,POINT (-0.2186616 5.5519805)
164,2,200,7,Admin-0 capital,Tripoli,,,Tripoli,1,0,,0,1,Libya,LBY,Libya,LBY,Tajura' wa an Nawahi al Arba,LY,,32.8925,13.180012,2189000,229398,1149981,12,10,Tarabulus,Tripoli1,4.0,1159151415,POINT (13.1800118 32.8925)
165,2,200,8,Admin-0 capital alt,Tel Aviv,,Tel Aviv-Jaffa,Tel Aviv-Yafo,0,1,While Jerulsale,0,1,Israel,IS1,Israel,ISR,Tel Aviv,IL,,32.081937,34.768066,3112000,378358,2306851,12,10,Tel Aviv-Yafo,Tel Aviv-Yafo,4.0,1159151417,POINT (34.7680659 32.0819373)
166,2,200,7,Admin-0 capital,Helsinki,,,Helsinki,1,0,,1,1,Finland,FIN,Finland,FIN,Southern Finland,FI,,60.177509,24.932181,1115000,558457,762958,12,11,Helsinki,Helsinki,4.0,1159151419,POINT (24.932456915043964 60.16380384948568)
167,2,200,8,Admin-0 capital,København,Copenhagen,,Kobenhavn,1,0,,1,1,Denmark,DNK,Denmark,DNK,Hovedstaden,DK,,55.68051,12.56154,1085000,1085000,1038288,12,12,K,Copenhagen,4.0,1159151437,POINT (12.5615399 55.68051)
168,2,200,8,Admin-0 capital,Abidjan,,,Abidjan,1,0,"De facto, admin",0,1,Ivory Coast,CIV,Ivory Coast,CIV,Lagunes,CI,,5.321943,-4.041994,3802000,3190395,3181637,12,12,Abidjan,Abidjan,4.0,1159151439,POINT (-4.020206835187587 5.3231260722445715)
169,2,200,1,Admin-0 capital,Brasília,,Brasilia,Brasilia,1,0,,0,1,Brazil,BRA,Brazil,BRA,Distrito Federal,BR,,-15.781394,-47.917998,3716996,2562963,1772679,12,12,Brasglia,Brasilia,3.7,1159151443,POINT (-47.9179981 -15.7813944)
170,2,200,8,Admin-0 capital,Brussels,,Bruxelles-Brussel,Brussels,1,0,,1,1,Belgium,BEL,Belgium,BEL,Brussels,BE,,50.835263,4.331371,1743000,1019022,1490164,12,12,Bruxelles-Brussel,Brussels,4.7,1159151465,POINT (4.3313707 50.8352629)
171,2,200,2,Admin-0 capital,Dhaka,,,Dhaka,1,0,,0,1,Bangladesh,BGD,Bangladesh,BGD,Dhaka,BD,,23.725006,90.406634,12797394,7000940,14995538,14,13,Dhaka,Dhaka,4.0,1159151467,POINT (90.4066336 23.7250056)
172,2,200,6,Admin-0 capital,Luanda,,,Luanda,1,0,,0,1,Angola,AGO,Angola,AGO,Luanda,AO,,-8.83634,13.232481,5172900,1951272,1951272,13,12,Luanda,Luanda,4.0,1159151469,POINT (13.2324812 -8.8363403)
173,2,200,5,Admin-0 capital,Algiers,,El Djazacr,Algiers,1,0,,0,1,Algeria,DZA,Algeria,DZA,Alger,DZ,,36.765011,3.048607,3354000,1977663,3332619,12,12,El Djazasr,Algiers,4.0,1159151471,POINT (3.0486067 36.7650107)
174,2,200,5,Admin-0 capital,Yangon,Rangoon,Yangon,Rangoon,0,0,Former capital,0,1,Myanmar,MMR,Myanmar,MMR,Yangon,MM,,16.7853,96.164732,4088000,3301820,3124090,12,12,Yangon,Rangoon,4.0,1159151477,POINT (96.1647318 16.7853)
175,1,300,1,Populated place,San Francisco,,San Francisco-Oakland,San Francisco,0,0,,1,1,United States,USA,United States of America,USA,California,US,,37.769196,-122.417169,3450000,732072,27400,12,11,San Francisco-Oakland,San Francisco1,2.7,1159151479,POINT (-122.39959956304557 37.784262651527904)
176,1,300,1,Admin-1 capital,Denver,,Denver-Aurora,Denver,0,0,,0,1,United States,USA,United States of America,USA,Colorado,US,,39.741134,-104.985962,2313000,1548599,1521278,12,12,Denver-Aurora,Denver,3.7,1159151483,POINT (-104.9859618 39.7411339)
177,1,300,1,Populated place,Houston,,,Houston,0,0,,0,1,United States,USA,United States of America,USA,Texas,US,,29.82192,-95.341925,4459000,3647574,3607616,12,12,Houston,Houston,3.0,1159151485,POINT (-95.34843625672217 29.741272831862542)
178,1,300,1,Populated place,Miami,,,Miami,0,0,,1,1,United States,USA,United States of America,USA,Florida,US,,25.789557,-80.226052,5585000,382894,1037811,13,10,Miami,Miami,2.1,1159151487,POINT (-80.2260519 25.7895566)
179,1,300,1,Admin-1 capital,Atlanta,,,Atlanta,0,0,,1,1,United States,USA,United States of America,USA,Georgia,US,,33.83196,-84.401895,4506000,422908,2874096,12,10,Atlanta,Atlanta,3.0,1159151489,POINT (-84.36764186571386 33.73945728378348)
180,1,300,1,Populated place,Chicago,,,Chicago,0,0,,1,1,United States,USA,United States of America,USA,Illinois,US,,41.831937,-87.752001,8990000,2841952,3635101,13,12,Chicago,Chicago,3.0,1159151491,POINT (-87.63523655322338 41.847961283364114)
181,1,300,6,Admin-0 capital,Caracas,,,Caracas,1,0,,1,1,Venezuela,VEN,Venezuela,VEN,Distrito Capital,VE,,10.502944,-66.918983,2985000,1815679,2764555,12,12,Caracas,Caracas,3.0,1159151493,POINT (-66.9189831 10.5029444)
182,1,300,5,Admin-0 capital,Kyiv,,Kyiv,Kiev,1,0,,0,1,Ukraine,UKR,Ukraine,UKR,Kiev,UA,,50.435313,30.514682,2709000,1662508,1611692,12,12,Kyiv,Kiev,3.7,1159151495,POINT (30.5146821 50.4353132)
183,1,300,8,Admin-1 capital,Dubai,Dubayy,,Dubai,0,0,,1,1,United Arab Emirates,ARE,United Arab Emirates,ARE,Dubay,AE,,25.231942,55.278029,1379000,1137347,1166878,12,12,Dubayy,Dubayy,3.7,1159151497,POINT (55.28694561354246 25.21491189371225)
184,1,300,6,Admin-0 capital,Tashkent,,,Tashkent,1,0,,0,1,Uzbekistan,UZB,Uzbekistan,UZB,Tashkent,UZ,,41.313648,69.292987,2184000,1978028,2806287,12,12,Tashkent,Tashkent,3.7,1159151501,POINT (69.26882294266261 41.30382822156198)
185,1,300,3,Admin-0 capital,Madrid,,,Madrid,1,0,,1,1,Kingdom of Spain,ESP,Spain,ESP,Comunidad de Madrid,ES,,40.401972,-3.685298,5567000,50437,3673427,13,8,Madrid,Madrid,3.0,1159151503,POINT (-3.6852975 40.4019721)
186,1,300,7,Admin-1 capital,Geneva,,,Geneva,0,0,,1,0,Switzerland,CHE,Switzerland,CHE,Genève,CH,,46.210008,6.140028,1240000,192385,508284,12,9,,Geneva,3.7,1159151505,POINT (6.140028 46.2100075)
187,1,300,7,Admin-0 capital,Stockholm,,,Stockholm,1,0,,1,1,Sweden,SWE,Sweden,SWE,Stockholm,SE,,59.352706,18.095389,1264000,1253309,0,12,12,Stockholm,Stockholm,3.0,1159151507,POINT (18.066300168534497 59.324127204007475)
188,1,300,5,Admin-0 capital,Bangkok,,Krung Thep,Bangkok,1,0,,1,1,Thailand,THA,Thailand,THA,Bangkok Metropolis,TH,,13.751945,100.514699,6704000,5104476,5082758,13,13,Krung Thep,Bangkok,3.0,1159151509,POINT (100.5146988 13.7519451)
189,1,300,5,Admin-0 capital,Lima,,,Lima,1,0,,0,1,Peru,PER,Peru,PER,Lima,PE,,-12.046067,-77.052008,8012000,6758234,6068380,13,13,Lima,Lima2,3.0,1159151511,POINT (-77.052008 -12.0460668)
190,1,300,8,Admin-0 capital,Dakar,,,Dakar,1,0,,0,1,Senegal,SEN,Senegal,SEN,Dakar,SN,,14.717778,-17.475076,2604000,2476400,2470140,12,12,Dakar,Dakar,3.0,1159151513,POINT (-17.475076 14.7177776)
191,1,300,3,Admin-0 capital,Johannesburg,,,Johannesburg,0,0,,1,1,South Africa,ZAF,South Africa,ZAF,Gauteng,ZA,,-26.168099,28.028064,3435000,2026469,3852246,12,12,Johannesburg,Johannesburg,3.0,1159151515,POINT (28.0280639 -26.1680989)
192,1,300,8,Admin-0 capital,Amsterdam,,,Amsterdam,1,0,De facto capita,1,1,Kingdom of the Netherlands,NLD,Netherlands,NLD,Noord-Holland,NL,,52.351915,4.914694,1031000,741636,962488,12,11,Amsterdam,Amsterdam,3.7,1159151519,POINT (4.9146943 52.3519145)
193,1,300,5,Admin-1 capital,Casablanca,,Dar-el-Beida,Casablanca,0,0,,1,1,Morocco,MAR,Morocco,MAR,Grand Casablanca,MA,,33.601922,-7.618313,3181000,3144909,3718797,12,12,Dar-el-Beida,Casablanca,3.7,1159151521,POINT (-7.6183133 33.6019221)
194,1,300,3,Admin-0 capital,Seoul,,,Seoul,1,0,,1,1,"Korea, South",KOR,South Korea,KOR,Seoul,KR,,37.568295,126.997785,9796000,9796000,12018058,13,13,Seoul,Seoul,3.0,1159151523,POINT (126.9977851 37.568295)
195,1,300,5,Admin-0 capital,Manila,,,Manila,1,0,"Official, de fa",1,1,Philippines,PHL,Philippines,PHL,Metropolitan Manila,PH,,14.606105,120.980271,11100000,3077575,2381280,14,12,Manila,Manila,2.7,1159151525,POINT (120.9802713 14.6061048)
196,1,300,2,Admin-1 capital,Monterrey,,,Monterrey,0,0,,0,1,Mexico,MEX,Mexico,MEX,Nuevo León,MX,,25.671941,-100.331931,3712000,1122874,3225636,12,12,Monterrey,Monterrey,3.7,1159151527,POINT (-100.3319306 25.671941)
197,1,300,3,Admin-0 capital,Berlin,,,Berlin,1,0,,1,1,Germany,DEU,Germany,DEU,Berlin,DE,,52.523765,13.399603,3406000,3094014,3013258,12,12,Berlin,Berlin,2.7,1159151529,POINT (13.3996028 52.5237645)
198,1,300,1,Admin-1 capital,Ürümqi,,rumqi|Wulumqi,Urumqi,0,0,,0,1,China,CHN,China,CHN,Xinjiang Uygur,CN,,43.806958,87.57306,3575000,1508225,2044401,12,12,Cramqi (Wulumqi),Urumqi,3.7,1159151531,POINT (87.5730598 43.8069581)
199,1,300,1,Admin-1 capital,Chengdu,,,Chengdu,0,0,,0,1,China,CHN,China,CHN,Sichuan,CN,,30.671946,104.068074,4123000,3950437,11622929,12,12,Chengdu,Chengdu,3.0,1159151533,POINT (104.0680736 30.6719459)
200,1,300,2,Admin-1 region capital,Ōsaka,,Osaka-Kobe,Osaka,0,0,,1,1,Japan,JPN,Japan,JPN,Osaka,JP,,34.751981,135.458199,11294000,2592413,9630783,14,12,Osaka-Kobe,Osaka,3.0,1159151537,POINT (135.50375419006232 34.691095244477914)
201,1,300,3,Admin-0 capital,Kinshasa,,,Kinshasa,1,0,,0,1,Congo (Kinshasa),COD,Congo (Kinshasa),COD,Kinshasa City,CD,,-4.327778,15.313026,7843000,5565703,4738154,13,13,Kinshasa,Kinshasa,3.0,1159151539,POINT (15.313026 -4.3277782)
202,1,300,1,Admin-0 capital,New Delhi,,,New Delhi,1,0,,1,0,India,IND,India,IND,Delhi,IN,,28.600023,77.19998,317797,317797,8060107,10,10,,New Delhi,2.1,1159151541,POINT (77.19998 28.600023)
203,1,300,1,Admin-1 capital,Bengaluru,Bangalore,,Bengaluru,0,0,,0,1,India,IND,India,IND,Karnataka,IN,,12.971941,77.558064,6787000,5104047,8102712,13,13,Bangalore,Bangalore,3.7,1159151543,POINT (77.5580639 12.971941)
204,1,300,6,Admin-0 capital,Athens,Athenai,Athinai,Athens,1,0,,1,1,Greece,GRC,Greece,GRC,Attiki,GR,,37.985272,23.731375,3242000,729137,112572,12,11,Athnnai,Athens2,3.7,1159151545,POINT (23.7313752 37.9852721)
205,1,300,5,Admin-0 capital,Baghdad,,,Baghdad,1,0,,0,1,Iraq,IRQ,Iraq,IRQ,Baghdad,IQ,,33.340594,44.391923,5054000,5054000,4959534,13,13,Baghdad,Baghdad,3.7,1159151547,POINT (44.3919229 33.3405944)
206,1,300,3,Admin-0 capital,Addis Ababa,,,Addis Ababa,1,0,,0,1,Ethiopia,ETH,Ethiopia,ETH,Addis Ababa,ET,,9.035256,38.698059,3100000,2757729,3013653,12,12,Addis Ababa,Addis Ababa,3.0,1159151549,POINT (38.6980586 9.0352562)
207,1,300,5,Admin-0 capital,Tehran,,,Tehran,1,0,,0,1,Iran,IRN,Iran,IRN,Tehran,IR,,35.673889,51.422398,7873000,7153309,8209012,13,13,Tehran,Tehran,3.0,1159151551,POINT (51.4223982 35.6738886)
208,1,300,2,Populated place,Vancouver,,,Vancouver,0,0,,0,1,Canada,CAN,Canada,CAN,British Columbia,CA,,49.275362,-123.12359,2313328,603502,482002,12,11,Vancouver,Vancouver2,2.1,1159151555,POINT (-123.1235901 49.2753624)
209,1,300,2,Admin-1 capital,Toronto,,,Toronto,0,0,,1,1,Canada,CAN,Canada,CAN,Ontario,CA,,43.701926,-79.421967,5213000,3934421,3749229,13,12,Toronto,Toronto,2.1,1159151557,POINT (-79.38945855491194 43.66464454743429)
210,1,300,3,Admin-0 capital,Buenos Aires,,,Buenos Aires,1,0,,1,1,Argentina,ARG,Argentina,ARG,Ciudad de Buenos Aires,AR,,-34.600556,-58.399477,12795000,10929146,10271457,14,14,Buenos Aires,Buenos Aires,2.1,1159151559,POINT (-58.43251268766426 -34.61071459139255)
211,1,300,5,Admin-0 capital,Kabul,,,Kabul,1,0,,0,1,Afghanistan,AFG,Afghanistan,AFG,Kabul,AF,,34.518636,69.181314,3277000,3043532,3475519,12,12,Kabul,Kabul,3.7,1159151561,POINT (69.1813142 34.5186361)
212,1,300,7,Admin-0 capital,Vienna,Wien,,Vienna,1,0,,1,1,Austria,AUT,Austria,AUT,Wien,AT,,48.201961,16.364693,2400000,1731000,1480886,12,12,Wien,Vienna,3.7,1159151563,POINT (16.3646931 48.2019611)
213,1,300,3,Admin-1 capital,Melbourne,,,Melbourne,0,0,,1,1,Australia,AUS,Australia,AUS,Victoria,AU,,-37.818086,144.97307,4170000,93625,1805353,12,8,Melbourne,Melbourne2,3.0,1159151565,POINT (144.9730704 -37.8180855)
214,1,300,8,Admin-0 capital,Taipei,,,Taipei,1,0,,1,1,Taiwan,TWN,Taiwan,TWN,Taipei City,TW,,25.035833,121.568333,6900273,2618772,5698241,13,12,Taipei,Taipei,3.7,1159151567,POINT (121.5683333 25.0358333)
215,1,300,8,Admin-1 capital,Auckland,,,Auckland,0,0,,1,1,New Zealand,NZL,New Zealand,NZL,Auckland,NZ,Auckland metropolitan area,-36.848055,174.763027,1377200,395982,0,12,10,Auckland,Auckland,3.0,1159151703,POINT (174.763027 -36.8480549)
216,0,600,1,Populated place,Los Angeles,,Los Angeles-Long Beach-Santa Ana,Los Angeles,0,0,,1,1,United States,USA,United States of America,USA,California,US,,33.991924,-118.181926,12500000,3694820,142265,14,12,Los Angeles-Long Beach-Santa Ana,Los Angeles1,2.0,1159151569,POINT (-118.23198647223317 34.049219260337075)
217,0,600,1,Admin-0 capital,"Washington,  D.C.",,Washington D.C.,"Washington, D.C.",1,0,,1,1,United States,USA,United States of America,USA,District of Columbia,US,,38.901495,-77.011364,4338000,552433,2175991,12,11,"Washington, D.C.","Washington, D.C.",2.1,1159151573,POINT (-77.0113644 38.9014952)
218,0,600,1,Populated place,New York,,New York-Newark,New York,0,0,UN Headquarters,1,1,United States,USA,United States of America,USA,New York,US,,40.751925,-73.981963,19040000,8008278,9292603,14,13,New York-Newark,New York,1.7,1159151575,POINT (-73.99571754361698 40.72156174972766)
219,0,600,5,Admin-0 capital,London,,,London,1,0,,1,1,United Kingdom,GBR,United Kingdom,GBR,Westminster,GB,,51.501941,-0.118668,8567000,7421209,326670,13,13,London,London2,1.7,1159151577,POINT (-0.1186677 51.5019406)
220,0,600,5,Admin-1 capital,Istanbul,,,Istanbul,0,0,,1,1,Turkey,TUR,Turkey,TUR,Istanbul,TR,,41.106942,29.008056,10061000,9945610,9651488,14,13,Istanbul,Istanbul,3.0,1159151579,POINT (28.97427681675554 41.01760173507249)
221,0,600,5,Admin-0 capital,Riyadh,,Ar-Riyadh,Riyadh,1,0,,1,1,Saudi Arabia,SAU,Saudi Arabia,SAU,Ar Riyad,SA,,24.642779,46.770796,4465000,4205961,5148778,12,12,Ar-Riyadh,Riyadh,3.7,1159151581,POINT (46.720487024887696 24.634497474837755)
222,0,600,3,Admin-0 capital,Cape Town,,,Cape Town,1,1,Legislative cap,1,1,South Africa,ZAF,South Africa,ZAF,Western Cape,ZA,,-33.918065,18.433042,3215000,2432858,2401318,12,12,Cape Town,Cape Town,1.7,1159151583,POINT (18.4330423 -33.9180651)
223,0,600,2,Admin-0 capital,Moscow,Moskva,,Moscow,1,0,,1,1,Russia,RUS,Russia,RUS,Moskva,RU,,55.75411,37.613577,10452000,10452000,10585385,14,14,Moskva,Moscow,1.7,1159151585,POINT (37.613577 55.75411)
224,0,600,2,Admin-0 capital,Mexico City,,Ciudad de M,Mexico City,1,0,,1,1,Mexico,MEX,Mexico,MEX,Distrito Federal,MX,,19.444388,-99.132934,19028000,10811002,10018444,14,14,Ciudad de Mdxico,Mexico City,2.1,1159151587,POINT (-99.1329341 19.4443883)
225,0,600,2,Admin-0 capital alt,Lagos,,,Lagos,0,1,Former capital,1,1,Nigeria,NGA,Nigeria,NGA,Lagos,NG,,6.445208,3.389585,9466000,1536,6567892,13,3,Lagos,Lagos,2.0,1159151591,POINT (3.3895852 6.4452075)
226,0,600,3,Admin-0 capital,Rome,,,Rome,1,0,,1,1,Italy,ITA,Italy,ITA,Lazio,IT,,41.897902,12.481313,3339000,35452,2050212,12,7,Rome,Rome,2.7,1159151593,POINT (12.4813126 41.8979015)
227,0,600,1,Admin-0 capital,Beijing,,,Beijing,1,0,,1,1,China,CHN,China,CHN,Beijing,CN,,39.930838,116.38634,11106000,7480601,9033231,14,13,Beijing,Beijing,1.7,1159151595,POINT (116.39420089260611 39.901720309862675)
228,0,600,5,Admin-0 capital,Nairobi,,,Nairobi,1,0,,1,1,Kenya,KEN,Kenya,KEN,Nairobi,KE,,-1.281401,36.814711,3010000,2750547,3400962,12,12,Nairobi,Nairobi,2.0,1159151597,POINT (36.814711 -1.2814009)
229,0,600,1,Admin-0 capital,Jakarta,,,Jakarta,1,0,,1,1,Indonesia,IDN,Indonesia,IDN,Jakarta Raya,ID,,-6.172472,106.827492,9125000,8540121,9129613,13,13,Jakarta,Jakarta,2.1,1159151599,POINT (106.8274918 -6.1724718)
230,0,600,5,Admin-0 capital,Bogota,,Bogota,Bogota,1,0,,1,1,Colombia,COL,Colombia,COL,Bogota,CO,,4.598369,-74.08529,7772000,6333661,5754084,13,13,Bogota,Bogota,2.1,1159151601,POINT (-74.0852898 4.5983694)
231,0,600,3,Admin-0 capital,Cairo,,Al-Qahirah,Cairo,1,0,,1,1,Egypt,EGY,Egypt,EGY,Al Qahirah,EG,,30.051906,31.248022,11893000,7734614,13720557,14,13,Al-Qahirah,Cairo,1.7,1159151603,POINT (31.2480224 30.0519062)
232,0,600,1,Admin-1 capital,Shanghai,,,Shanghai,0,0,,1,1,China,CHN,China,CHN,Shanghai,CN,,31.218398,121.434559,14987000,14608512,16803572,14,14,Shanghai,Shanghai,2.0,1159151605,POINT (121.4345588 31.2183983)
233,0,600,2,Admin-0 capital,Tokyo,,,Tokyo,1,0,De facto capita,1,1,Japan,JPN,Japan,JPN,Tokyo,JP,,35.686963,139.749462,35676000,8336599,12945252,14,13,Tokyo,Tokyo,1.7,1159151609,POINT (139.7494616 35.6869628)
234,0,600,1,Admin-1 capital,Mumbai,Bombay,,Mumbai,0,0,,1,1,India,IND,India,IND,Maharashtra,IN,,19.018936,72.855043,18978000,12691836,12426085,14,14,Mumbai,Mumbai,1.7,1159151611,POINT (72.8758393972653 19.06840847529168)
235,0,600,3,Admin-0 capital,Paris,,,Paris,1,0,,1,1,French Republic,FRA,France,FRA,Île-de-France,FR,,48.868639,2.33139,9904000,11177,7142744,13,6,Paris,Paris,1.7,1159151613,POINT (2.3529924615392135 48.85809231626911)
236,0,600,3,Admin-0 capital,Santiago,,,Santiago,1,0,"Official, admin",1,1,Chile,CHL,Chile,CHL,Región Metropolitana de Santiago,CL,,-33.448068,-70.668987,5720000,46611,3066651,13,7,Santiago,Santiago3,2.0,1159151615,POINT (-70.65050407285783 -33.44020506918074)
237,0,600,1,Admin-1 capital,Kolkata,Calcutta,,Kolkata,0,0,,0,1,India,IND,India,IND,West Bengal,IN,,22.496915,88.32273,14787000,4631392,7783716,14,12,Kolkata,Calcutta,3.7,1159151617,POINT (88.36912550443886 22.569578883795778)
238,0,600,1,Admin-1 capital,Rio de Janeiro,,,Rio de Janeiro,0,0,,1,1,Brazil,BRA,Brazil,BRA,Rio de Janeiro,BR,,-22.923077,-43.226967,11748000,2010175,1821489,14,12,Rio de Janeiro,Rio de Janeiro,1.7,1159151619,POINT (-43.212117466834385 -22.907308056882364)
239,0,600,1,Admin-1 capital,São Paulo,,Sao Paulo|Sio Paulo,Sao Paulo,0,0,,1,1,Brazil,BRA,Brazil,BRA,São Paulo,BR,,-23.556734,-46.626966,18845000,10021295,11522944,14,14,S,Sao Paolo,3.0,1159151621,POINT (-46.6269658 -23.5567337)
240,0,600,3,Admin-1 capital,Sydney,,,Sydney,0,0,,1,1,Australia,AUS,Australia,AUS,New South Wales,AU,,-33.918065,151.183234,4630000,3641422,2669348,12,12,Sydney,Sydney1,1.7,1159151623,POINT (151.2125477744749 -33.87137339218338)
241,0,600,0,Admin-0 capital,Singapore,,,Singapore,1,0,,1,1,Singapore,SGP,Singapore,SGP,,SG,,1.294979,103.853875,5183700,3289529,3314179,13,12,Singapore,Singapore,2.1,1159151627,POINT (103.8538748 1.2949793)
242,0,600,0,Admin-0 region capital,Hong Kong,,,Hong Kong,0,0,,1,1,China,CHN,Hong Kong S.A.R.,HKG,,HK,,22.306927,114.183064,7206000,4551579,4549026,13,12,Hong Kong,Hong Kong,3.0,1159151629,POINT (114.1830635 22.3069268)
