Ží•Ê,ˆÜ“x,Œo“x
Œð”Ô,35.5907614,139.7329946
Œð”Ô,35.5961664,139.7219302
Œð”Ô,35.5966570,139.7296356
Œð”Ô,35.5969286,139.7375665
Œð”Ô,35.5988459,139.7507382
Œð”Ô,35.5950951,139.7641851
Œð”Ô,35.6053164,139.7001385
Œð”Ô,35.6065106,139.7182032
Œð”Ô,35.6020574,139.7218986
Œð”Ô,35.6019332,139.7127600
Œð”Ô,35.6065991,139.7242354
Œð”Ô,35.6066803,139.7345447
Œð”Ô,35.6121360,139.7005047
Œð”Ô,35.6081959,139.6969493
Œð”Ô,35.6100353,139.7116971
Œð”Ô,35.6117379,139.7155526
Œð”Ô,35.6110683,139.7204812
Œð”Ô,35.6139681,139.7262275
Œð”Ô,35.6118367,139.7400565
Œð”Ô,35.6101018,139.7424992
Œð”Ô,35.6199604,139.7037553
Œð”Ô,35.6151987,139.7089992
Œð”Ô,35.6194235,139.7294171
Œð”Ô,35.6208520,139.7421465
Œð”Ô,35.6220570,139.7198341
Œð”Ô,35.6276250,139.7140850
Œð”Ô,35.6264421,139.7237380
Œð”Ô,35.6232438,139.7351067
Œð”Ô,35.6219191,139.7543012
Œð”Ô,35.6226416,139.7501187
Œð”Ô,35.6338170,139.7162701
Œð”Ô,35.6294958,139.7233233
Œð”Ô,35.6395733,139.7161221
