名称,所在地,カテゴリ
東海中学校,東京都品川区東品川3-30-15,中学校
大崎中学校,東京都品川区西品川3-10-6,中学校
浜川中学校,東京都品川区東大井3-18-34,中学校
鈴ケ森中学校,東京都品川区南大井2-3-14,中学校
冨士見台中学校,東京都品川区西大井5-5-14,中学校
荏原第一中学校,東京都品川区荏原1-24-30,中学校
荏原第五中学校,東京都品川区旗の台5-11-13,中学校
荏原第六中学校,東京都品川区小山5-20-19,中学校
戸越台中学校,東京都品川区戸越1-15-23,中学校
城南小学校,東京都品川区南品川2-8-21,小学校
浅間台小学校,東京都品川区南品川6-8-8,小学校
三木小学校,東京都品川区西品川3-16-28,小学校
御殿山小学校,東京都品川区北品川5-2-6,小学校
城南第二小学校,東京都品川区東品川3-4-5,小学校
第一日野小学校,東京都品川区西五反田6-5-32,小学校
芳水小学校,東京都品川区大崎3-12-22,小学校
第三日野小学校,東京都品川区上大崎1-19-19,小学校
第四日野小学校,東京都品川区西五反田4-29-9,小学校
大井第一小学校,東京都品川区大井6-1-32,小学校
鮫浜小学校,東京都品川区東大井2-10-14,小学校
山中小学校,東京都品川区大井3-7-19,小学校
立会小学校,東京都品川区東大井4-15-9,小学校
浜川小学校,東京都品川区南大井4-3-27,小学校
伊藤小学校,東京都品川区西大井5-6-8,小学校
鈴ケ森小学校,東京都品川区南大井4-16-2,小学校
台場小学校,東京都品川区東品川1-8-30,小学校
京陽小学校,東京都品川区平塚2-19-20,小学校
延山小学校,東京都品川区西中延2-17-5,小学校
中延小学校,東京都品川区中延1-11-15,小学校
小山小学校,東京都品川区小山5-10-6,小学校
大原小学校,東京都品川区戸越6-17-3,小学校
宮前小学校,東京都品川区戸越4-5-10,小学校
源氏前小学校,東京都品川区中延6-2-18,小学校
第二延山小学校,東京都品川区旗の台1-6-1,小学校
後地小学校,東京都品川区小山2-4-6,小学校
戸越小学校,東京都品川区豊町2-1-20,小学校
旗台小学校,東京都品川区旗の台4-7-11,小学校
上神明小学校,東京都品川区二葉4-4-10,小学校
清水台小学校,東京都品川区旗の台1-11-17,小学校
小山台小学校,東京都品川区小山台1-18-24,小学校
日野学園,東京都品川区東五反田2-11-1,義務教育学校
伊藤学園,東京都品川区大井5-1-37,義務教育学校
八潮学園,東京都品川区八潮5-11-2,義務教育学校
荏原平塚学園,東京都品川区平塚3-16-26,義務教育学校
品川学園,東京都品川区北品川3-9-30,義務教育学校
豊葉の杜学園,東京都品川区二葉1-3-40,義務教育学校
水道局品川営業所,東京都品川区西中延1-9-10,官公署・公共機関
下水道局南部下水道事務所 品川出張所,東京都品川区西品川1-8-1,官公署・公共機関
エコルとごし(環境学習交流施設),東京都品川区豊町2-1-30 戸越公園内,区民生活関連施設
品川区役所第二庁舎・防災センター,東京都品川区広町2-1-36,総合庁舎・地域センター・区民集会所
品川区役所本庁舎,東京都品川区広町2-1-36,総合庁舎・地域センター・区民集会所
品川区議会棟,東京都品川区広町２－１－３６,総合庁舎・地域センター・区民集会所
品川区役所第三庁舎,東京都品川区広町２－１－３６,総合庁舎・地域センター・区民集会所
品川健康センター,東京都品川区北品川3-11-22,医療機関・保健センター等
荏原健康センター,東京都品川区西五反田6-6-20,医療機関・保健センター等
しながわ水族館,東京都品川区勝島3-2-1(しながわ区民公園内),文化・スポーツ施設・公園
しながわ区民公園パークセンター,東京都品川区勝島3-2-2,文化・スポーツ施設・公園
都立大井ふ頭中央海浜公園 (スポーツの森),東京都品川区八潮4-1-19,文化・スポーツ施設・公園
都立大井ふ頭中央海浜公園 (なぎさの森),東京都品川区八潮4-2-1,文化・スポーツ施設・公園
都立林試の森公園,東京都品川区小山台2-6-11,文化・スポーツ施設・公園
都立潮風公園,"東京都品川区東八潮1,2",文化・スポーツ施設・公園
大井ふ頭中央海浜公園,東京都品川区八潮4-1-19,文化・スポーツ施設・公園
しながわ区民公園デイキャンプ場,東京都品川区勝島3-2-2,文化・スポーツ施設・公園
戸越公園,東京都品川区豊町2-1-30,文化・スポーツ施設・公園
池田山公園,東京都品川区東五反田5-4-35,文化・スポーツ施設・公園
五反田公園,東京都品川区東五反田5-25-27,文化・スポーツ施設・公園
子供の森公園,東京都品川区北品川3-10-13,文化・スポーツ施設・公園
東品川海上公園,東京都品川区東品川2-6-22,文化・スポーツ施設・公園
権現山公園,東京都品川区北品川3-9-5,文化・スポーツ施設・公園
八ッ山公園,東京都品川区北品川1-14-7,文化・スポーツ施設・公園
聖蹟公園,東京都品川区北品川2-7-21,文化・スポーツ施設・公園
東品川公園,東京都品川区東品川3-14-9,文化・スポーツ施設・公園
天王洲公園,東京都品川区東品川2-5-42,文化・スポーツ施設・公園
五反田南公園,東京都品川区東五反田2-1-14,文化・スポーツ施設・公園
東八ツ山公園,東京都品川区北品川1-15-11,文化・スポーツ施設・公園
品川浦公園,東京都品川区東品川1-7-17,文化・スポーツ施設・公園
東海公園,東京都品川区東品川3-29-6,文化・スポーツ施設・公園
品海公園,東京都品川区北品川1-30-9,文化・スポーツ施設・公園
北品川公園,東京都品川区北品川2-12-5,文化・スポーツ施設・公園
東海第二公園,東京都品川区東品川3-17-15,文化・スポーツ施設・公園
上大崎公園,東京都品川区上大崎1-3-13,文化・スポーツ施設・公園
そよかぜ公園,東京都品川区西品川2-17-8,文化・スポーツ施設・公園
希望ケ丘公園,東京都品川区上大崎3-10-25,文化・スポーツ施設・公園
東品川一丁目公園,東京都品川区東品川1-2-11,文化・スポーツ施設・公園
西五反田公園,東京都品川区西五反田5-6-4,文化・スポーツ施設・公園
大崎公園,東京都品川区大崎5-5-17,文化・スポーツ施設・公園
西の台公園,東京都品川区西品川1-4-3,文化・スポーツ施設・公園
横丁公園,東京都品川区南品川5-4-9,文化・スポーツ施設・公園
二日市公園,東京都品川区南品川6-7-15,文化・スポーツ施設・公園
洲崎公園,東京都品川区東品川1-36-15,文化・スポーツ施設・公園
敬老公園,東京都品川区東品川3-32-8,文化・スポーツ施設・公園
西八丁公園,東京都品川区西五反田8-11-4,文化・スポーツ施設・公園
御成橋公園,東京都品川区東五反田2-15-20,文化・スポーツ施設・公園
浅間台公園,東京都品川区南品川6-18-19,文化・スポーツ施設・公園
西霧ケ谷公園,東京都品川区西五反田5-28-16,文化・スポーツ施設・公園
北浜公園,東京都品川区北品川2-28-12,文化・スポーツ施設・公園
広町公園,東京都品川区広町1-3-30,文化・スポーツ施設・公園
鎗ケ崎公園,東京都品川区西品川3-12-2,文化・スポーツ施設・公園
三ツ木公園,東京都品川区西品川2-6-11,文化・スポーツ施設・公園
西品川公園,東京都品川区西品川1-8-7,文化・スポーツ施設・公園
仙台坂公園,東京都品川区南品川5-16-1,文化・スポーツ施設・公園
台場浦公園,東京都品川区東品川1-8-34,文化・スポーツ施設・公園
小関公園,東京都品川区北品川5-8-21,文化・スポーツ施設・公園
かむろ坂公園,東京都品川区西五反田4-28-9,文化・スポーツ施設・公園
南品川広場公園,東京都品川区南品川5-10-27,文化・スポーツ施設・公園
西品川おさんぽ公園,東京都品川区西品川3-9-24,文化・スポーツ施設・公園
南五公園,東京都品川区南品川5-2-5,文化・スポーツ施設・公園
天王洲アイル第一公園,東京都品川区東品川2-3-21,文化・スポーツ施設・公園
天王洲アイル第四公園,東京都品川区東品川2-2-24,文化・スポーツ施設・公園
天王洲アイル第三公園,東京都品川区東品川2-2-12,文化・スポーツ施設・公園
天王洲アイル第二公園,東京都品川区東品川2-2-17,文化・スポーツ施設・公園
天王洲アイル第九公園,東京都品川区東品川2-4-3,文化・スポーツ施設・公園
居木橋公園,東京都品川区大崎1-14-4,文化・スポーツ施設・公園
大井海岸公園,東京都品川区南大井3-27-5,文化・スポーツ施設・公園
大井水神公園,東京都品川区南大井5-16-1,文化・スポーツ施設・公園
鈴ケ森公園,東京都品川区南大井4-18-14,文化・スポーツ施設・公園
大井駅前公園,東京都品川区大井1-2-5,文化・スポーツ施設・公園
大井公園,東京都品川区東大井4-8-4,文化・スポーツ施設・公園
東大井公園,東京都品川区東大井3-4-4,文化・スポーツ施設・公園
大井中央公園,東京都品川区大井1-46-8,文化・スポーツ施設・公園
鮫浜公園,東京都品川区東大井2-2-3,文化・スポーツ施設・公園
大井坂下公園,東京都品川区南大井6-23-11,文化・スポーツ施設・公園
金子山公園,東京都品川区西大井4-11-6,文化・スポーツ施設・公園
新浜川公園,東京都品川区東大井2-26-18,文化・スポーツ施設・公園
わかくさ公園,東京都品川区勝島1-6-1,文化・スポーツ施設・公園
峰原公園,東京都品川区大崎3-17-27,文化・スポーツ施設・公園
原っぱ公園,東京都品川区西大井6-1-14,文化・スポーツ施設・公園
宮下公園,東京都品川区大井2-7-16,文化・スポーツ施設・公園
浜川公園,東京都品川区南大井4-8-22,文化・スポーツ施設・公園
滝王子公園,東京都品川区大井5-19-5,文化・スポーツ施設・公園
出石公園,東京都品川区西大井3-16-27,文化・スポーツ施設・公園
浜川北公園,東京都品川区東大井3-26-6,文化・スポーツ施設・公園
桐畑公園,東京都品川区南大井6-1-17,文化・スポーツ施設・公園
西の森公園,東京都品川区西大井4-2-1,文化・スポーツ施設・公園
関ケ原公園,東京都品川区東大井6-12-21,文化・スポーツ施設・公園
倉田公園,東京都品川区大井4-29-23,文化・スポーツ施設・公園
西大井広場公園,東京都品川区西大井1-4-10,文化・スポーツ施設・公園
元芝公園,東京都品川区東大井3-7-18,文化・スポーツ施設・公園
西大井緑地公園,東京都品川区西大井6-5,文化・スポーツ施設・公園
八潮公園,東京都品川区八潮5-11-16,文化・スポーツ施設・公園
しおじ公園,東京都品川区八潮5-8-1,文化・スポーツ施設・公園
大井鹿島公園,東京都品川区大井6-8-2,文化・スポーツ施設・公園
谷垂公園,東京都品川区西大井6-13-10,文化・スポーツ施設・公園
やまなか公園,東京都品川区大井3-22-3,文化・スポーツ施設・公園
大森貝塚遺跡庭園,東京都品川区大井6-21-6,文化・スポーツ施設・公園
八潮北公園,東京都品川区八潮1-3-1,文化・スポーツ施設・公園
平塚公園,東京都品川区荏原4-5-2,文化・スポーツ施設・公園
荏原南公園,東京都品川区荏原6-16-4,文化・スポーツ施設・公園
小山台公園,東京都品川区小山台2-2-1,文化・スポーツ施設・公園
荏原中央公園,東京都品川区荏原5-1-2,文化・スポーツ施設・公園
西中延公園,東京都品川区西中延2-7-14,文化・スポーツ施設・公園
戸越台公園,東京都品川区戸越1-7-17,文化・スポーツ施設・公園
旗の台公園,東京都品川区旗の台5-19-9,文化・スポーツ施設・公園
小山台東公園,東京都品川区小山台1-26-12,文化・スポーツ施設・公園
旗の台南公園,東京都品川区旗の台5-11-11,文化・スポーツ施設・公園
中原公園,東京都品川区小山1-4-4,文化・スポーツ施設・公園
東中延公園,東京都品川区東中延2-10-2,文化・スポーツ施設・公園
中原東公園,東京都品川区荏原1-21-9,文化・スポーツ施設・公園
荏原町公園,東京都品川区中延5-14-5,文化・スポーツ施設・公園
荏三公園,東京都品川区荏原3-3-10,文化・スポーツ施設・公園
平塚中央公園,東京都品川区平塚2-2-12,文化・スポーツ施設・公園
荏原西公園,東京都品川区荏原6-5-5,文化・スポーツ施設・公園
大原公園,東京都品川区戸越6-14-1,文化・スポーツ施設・公園
豊町公園,東京都品川区豊町6-16-3,文化・スポーツ施設・公園
後地公園,東京都品川区小山2-9-16,文化・スポーツ施設・公園
京陽公園,東京都品川区平塚2-12-3,文化・スポーツ施設・公園
二葉公園,東京都品川区二葉4-13-5,文化・スポーツ施設・公園
中延公園,東京都品川区西中延1-9-8,文化・スポーツ施設・公園
旗の台北公園,東京都品川区旗の台3-10-15,文化・スポーツ施設・公園
源氏前公園,東京都品川区中延6-4-15,文化・スポーツ施設・公園
平塚たけのこ公園,東京都品川区平塚1-17-7,文化・スポーツ施設・公園
東中はなみずき公園,東京都品川区東中延1-8-9,文化・スポーツ施設・公園
延山くすのき公園,東京都品川区西中延3-3-1,文化・スポーツ施設・公園
西中お日さま公園,東京都品川区西中延3-10-11,文化・スポーツ施設・公園
旗の台なか公園,東京都品川区旗の台3-9-12,文化・スポーツ施設・公園
しいのき公園,東京都品川区荏原5-5-12,文化・スポーツ施設・公園
葦山公園,東京都品川区豊町1-6-7,文化・スポーツ施設・公園
戸越南公園,東京都品川区戸越6-8-8,文化・スポーツ施設・公園
江戸見坂公園,東京都品川区小山6-23-8,文化・スポーツ施設・公園
旗の台広場公園,東京都品川区旗の台3-1-5,文化・スポーツ施設・公園
あさひ公園,東京都品川区小山2-17-27,文化・スポーツ施設・公園
二鳳公園,東京都品川区豊町4-19-20,文化・スポーツ施設・公園
戸越一丁目緑地,東京都品川区戸越1-27-32,文化・スポーツ施設・公園
南品川児童遊園,東京都品川区南品川1-2-29,文化・スポーツ施設・公園
北品川三丁目児童遊園,東京都品川区北品川3-7-15,文化・スポーツ施設・公園
南品川二丁目児童遊園,東京都品川区南品川2-11-5,文化・スポーツ施設・公園
百反坂下児童遊園,東京都品川区西品川3-20-22,文化・スポーツ施設・公園
五反田児童遊園,東京都品川区東五反田5-21-10,文化・スポーツ施設・公園
上大崎児童遊園,東京都品川区上大崎3-3-15,文化・スポーツ施設・公園
さつき児童遊園,東京都品川区南品川5-8-28,文化・スポーツ施設・公園
西五反田六丁目児童遊園,東京都品川区西五反田6-11-7,文化・スポーツ施設・公園
三ツ木児童遊園,東京都品川区西品川2-9-18,文化・スポーツ施設・公園
大崎五丁目遊園,東京都品川区大崎5-2-2,文化・スポーツ施設・公園
西五反田4丁目遊園,東京都品川区西五反田4-19-7,文化・スポーツ施設・公園
鹿島庚塚児童遊園,東京都品川区大井7-29-11,文化・スポーツ施設・公園
富士見ケ丘児童遊園,東京都品川区西大井5-7-3,文化・スポーツ施設・公園
北浜川児童遊園,東京都品川区東大井2-25-22,文化・スポーツ施設・公園
出石児童遊園,東京都品川区西大井3-1-5,文化・スポーツ施設・公園
関ケ原児童遊園,東京都品川区南大井5-2-15,文化・スポーツ施設・公園
東大井三丁目児童遊園,東京都品川区東大井3-29-6,文化・スポーツ施設・公園
西大井ちびっこ児童遊園,東京都品川区西大井2-24-9,文化・スポーツ施設・公園
作守児童遊園,東京都品川区大井4-12-14,文化・スポーツ施設・公園
大井町緑地児童遊園,東京都品川区大井1-21,文化・スポーツ施設・公園
桜橋児童遊園,東京都品川区東大井3-22-1,文化・スポーツ施設・公園
西大井二丁目児童遊園,東京都品川区西大井2-22-7,文化・スポーツ施設・公園
森下児童遊園,東京都品川区大井2-1-13,文化・スポーツ施設・公園
大井倉田児童遊園,東京都品川区大井4-22-30,文化・スポーツ施設・公園
鈴ケ森道路児童遊園,東京都品川区南大井1-22-1,文化・スポーツ施設・公園
みなみ児童遊園,東京都品川区南大井1-13-8,文化・スポーツ施設・公園
戸越児童遊園,東京都品川区戸越3-9-20,文化・スポーツ施設・公園
旗岡児童遊園,東京都品川区旗の台3-6-12,文化・スポーツ施設・公園
上神明児童遊園,東京都品川区二葉4-26-11,文化・スポーツ施設・公園
神明児童遊園,東京都品川区二葉1-4-25,文化・スポーツ施設・公園
豊町二丁目児童遊園,東京都品川区豊町2-18-1,文化・スポーツ施設・公園
武蔵小山児童遊園,東京都品川区小山3-12-6,文化・スポーツ施設・公園
中延児童遊園,東京都品川区中延1-10-15,文化・スポーツ施設・公園
荏原児童遊園,東京都品川区荏原1-25-18,文化・スポーツ施設・公園
荏原2丁目児童遊園,東京都品川区荏原2-16-4,文化・スポーツ施設・公園
戸越六丁目児童遊園,東京都品川区戸越6-11-6,文化・スポーツ施設・公園
豊町5丁目児童遊園,東京都品川区豊町5-14-3,文化・スポーツ施設・公園
荏原4丁目児童遊園,東京都品川区荏原4-10-10,文化・スポーツ施設・公園
西中延3丁目児童遊園,東京都品川区西中延3-5-17,文化・スポーツ施設・公園
立会川児童遊園(その4),東京都品川区旗の台3-7,文化・スポーツ施設・公園
立会川児童遊園(その2),東京都品川区旗の台2-7,文化・スポーツ施設・公園
立会川児童遊園(その3),東京都品川区旗の台3-11,文化・スポーツ施設・公園
豊町ちびっこ児童遊園,東京都品川区豊町1-2-3,文化・スポーツ施設・公園
小山四丁目児童遊園,東京都品川区小山4-6-2,文化・スポーツ施設・公園
小山五丁目児童遊園,東京都品川区小山5-13-4,文化・スポーツ施設・公園
豊町児童遊園,東京都品川区豊町4-1-12,文化・スポーツ施設・公園
伊藤児童遊園,東京都品川区西大井6-17-9,文化・スポーツ施設・公園
中原児童遊園,東京都品川区平塚2-6-4,文化・スポーツ施設・公園
わかば児童遊園,東京都品川区戸越1-29-21,文化・スポーツ施設・公園
戸越ひだまり広場,東京都品川区戸越1-4-11,文化・スポーツ施設・公園
戸越二丁目広場,東京都品川区戸越2-1-8,文化・スポーツ施設・公園
荏原一丁目ふれあい広場,東京都品川区荏原1-2-12,文化・スポーツ施設・公園
コンテナふ頭公園,東京都品川区八潮2-9-14,文化・スポーツ施設・公園
京浜運河緑道公園,東京都品川区八潮1,文化・スポーツ施設・公園
しながわ区民公園,東京都品川区勝島3-2-2,文化・スポーツ施設・公園
八潮公園多目的広場,東京都品川区八潮5-11-16,文化・スポーツ施設・公園
鮫洲運動公園,東京都品川区東大井1-4-11,文化・スポーツ施設・公園
ねむの木の庭,東京都品川区東五反田5-19-5,文化・スポーツ施設・公園
むつみ児童遊園,東京都品川区南品川5-2-17,文化・スポーツ施設・公園
大崎5丁目児童遊園,東京都品川区大崎5-8-5,文化・スポーツ施設・公園
大崎橋広場,東京都品川区西五反田1-10-2,文化・スポーツ施設・公園
にしよん広場,東京都品川区西五反田4-10-6,文化・スポーツ施設・公園
鮫洲入江広場,東京都品川区東大井1-13-1,文化・スポーツ施設・公園
わくわく広場,東京都品川区荏原1-4-13,文化・スポーツ施設・公園
宮前坂広場,東京都品川区戸越2-6-36,文化・スポーツ施設・公園
森前公園,東京都品川区西大井1-1-10,文化・スポーツ施設・公園
弁天通り公園,東京都品川区中延5-3-8,文化・スポーツ施設・公園
庚申公園,東京都品川区中延5-13-17,文化・スポーツ施設・公園
都立京浜運河緑道公園,東京都品川区八潮1-,文化・スポーツ施設・公園
都立大井ふ頭中央海浜公園,東京都品川区八潮4-1-19,文化・スポーツ施設・公園
旗の台東広場,東京都品川区旗の台4-12-26,文化・スポーツ施設・公園
不動前緑道,東京都品川区小山1-10-1,文化・スポーツ施設・公園
武蔵小山緑道,東京都品川区小山4-10-1,文化・スポーツ施設・公園
西小山緑道,東京都品川区小山6-11-1,文化・スポーツ施設・公園
街道松の広場,東京都品川区南品川1-8-5,文化・スポーツ施設・公園
しながわ中央公園,東京都品川区西品川1-27-14,文化・スポーツ施設・公園
谷山公園,東京都品川区西五反田3-6-15,文化・スポーツ施設・公園
品川南ふ頭公園,東京都品川区東品川5-8-4,文化・スポーツ施設・公園
ごこう公園,東京都品川区中延5-9-23,文化・スポーツ施設・公園
東品川ひだまり緑地,東京都品川区東品川3-11-23,文化・スポーツ施設・公園
ゆたか南公園,東京都品川区豊町6-29-2,文化・スポーツ施設・公園
相生広場,東京都品川区東五反田4-1-32,文化・スポーツ施設・公園
亀の甲緑地,東京都品川区上大崎4-5-37,文化・スポーツ施設・公園
ひふみ公園,東京都品川区大崎2-2-11,文化・スポーツ施設・公園
中六桜広場,東京都品川区中延6-10-3,文化・スポーツ施設・公園
大崎光の滝公園,東京都品川区大崎1-1-2,文化・スポーツ施設・公園
荏原さくら公園,東京都品川区荏原1-24-18,文化・スポーツ施設・公園
品川シーサイド公園,東京都品川区東品川4-12-13,文化・スポーツ施設・公園
天王洲アイル第八公園,東京都品川区東品川2-4-19,文化・スポーツ施設・公園
杜の公園,東京都品川区北品川1-6-10,文化・スポーツ施設・公園
西五反田五丁目特定児童遊園,東京都品川区西五反田5-17-7,文化・スポーツ施設・公園
戸越一丁目特定児童遊園,東京都品川区戸越1-9-6,文化・スポーツ施設・公園
戸越一丁目特定児童遊園,東京都品川区戸越1-9-6,文化・スポーツ施設・公園
戸越五丁目特定児童遊園,東京都品川区戸越5-12-10,文化・スポーツ施設・公園
西大井四丁目特定児童遊園,東京都品川区西大井4-23-12,文化・スポーツ施設・公園
東品川屋上庭園,東京都品川区東品川3-9-21,文化・スポーツ施設・公園
東品川健康広場,東京都品川区東品川3-9-21,文化・スポーツ施設・公園
中延一丁目特定児童遊園,東京都品川区中延1-4-16,文化・スポーツ施設・公園
西品川一丁目特定児童遊園,東京都品川区西品川1-14-13,文化・スポーツ施設・公園
南大井四丁目特定児童遊園,東京都品川区南大井4-6-20,文化・スポーツ施設・公園
源氏前特定児童遊園,東京都品川区中延6-4-8,文化・スポーツ施設・公園
南品川六丁目特定児童遊園,東京都品川区南品川6-13-3,文化・スポーツ施設・公園
大井二丁目特定児童遊園,東京都品川区大井2-5-15,文化・スポーツ施設・公園
西大井六丁目特定児童遊園,東京都品川区西大井6-5-5,文化・スポーツ施設・公園
旗の台一丁目特定児童遊園,東京都品川区旗の台1-8-5,文化・スポーツ施設・公園
西大井三丁目特定児童遊園,東京都品川区西大井3-4-14,文化・スポーツ施設・公園
豊町一丁目特定児童遊園,東京都品川区豊町1-13-5,文化・スポーツ施設・公園
荏原一丁目特定児童遊園,東京都品川区荏原1-25-20,文化・スポーツ施設・公園
荏原六丁目特定児童遊園,東京都品川区荏原6-7-2,文化・スポーツ施設・公園
豊四防災広場,東京都品川区豊町4-7-11,文化・スポーツ施設・公園
豊四中央防災広場,東京都品川区豊町4-17-1,文化・スポーツ施設・公園
東品川水辺広場,東京都品川区東品川3-9-21,文化・スポーツ施設・公園
天王洲アイル第一水辺広場,東京都品川区東品川2-3-21,文化・スポーツ施設・公園
天王洲アイル第二水辺広場,東京都品川区東品川2-2-24,文化・スポーツ施設・公園
天王洲アイル第四水辺広場,東京都品川区東品川2-4-3,文化・スポーツ施設・公園
しながわ花海道水辺広場,東京都品川区東大井1-13,文化・スポーツ施設・公園
品川シーサイド水辺広場,東京都品川区東品川4-13,文化・スポーツ施設・公園
東八潮緑道公園,東京都品川区東八潮,文化・スポーツ施設・公園
みなとが丘ふ頭公園,東京都品川区八潮3-1-11,文化・スポーツ施設・公園
大井ふ頭緑道公園,東京都品川区八潮5,文化・スポーツ施設・公園
中延三丁目特定児童遊園,東京都品川区中延3-9-2,文化・スポーツ施設・公園
御殿山の丘公園,東京都品川区北品川6-6-32,文化・スポーツ施設・公園
本三くじら広場,東京都品川区西五反田4-4-7,文化・スポーツ施設・公園
後地クマさん広場,東京都品川区小山2-4-13,文化・スポーツ施設・公園
上蛇広場,東京都品川区二葉4-3-10,文化・スポーツ施設・公園
東中みんなの広場,東京都品川区東中延1-2-8,文化・スポーツ施設・公園
ゆたか防災広場,東京都品川区豊町6-11-1,文化・スポーツ施設・公園
五反田ふれあい水辺広場,東京都品川区東五反田2-9-11,文化・スポーツ施設・公園
天王洲運河水辺広場,東京都品川区東品川1-3,文化・スポーツ施設・公園
中二さくらひろば,東京都品川区中延2-9-18,文化・スポーツ施設・公園
小山台一丁目防災広場,東京都品川区小山台1-7-3,文化・スポーツ施設・公園
文庫の森,東京都品川区豊町1-16-23,文化・スポーツ施設・公園
西大井六丁目ふれあい広場,東京都品川区西大井6-3-1,文化・スポーツ施設・公園
中三いこいの広場,東京都品川区中延3-7-20,文化・スポーツ施設・公園
カメさん広場,東京都品川区戸越2-6-20,文化・スポーツ施設・公園
ひのみ広場,東京都品川区戸越5-20-15,文化・スポーツ施設・公園
かやの木の広場,東京都品川区豊町1-17-2,文化・スポーツ施設・公園
中延みちしるべ防災広場,東京都品川区中延5-12-11,文化・スポーツ施設・公園
二葉中央のんき通り広場,東京都品川区二葉3-17-14,文化・スポーツ施設・公園
ほうさん広場,東京都品川区豊町3-4-2,文化・スポーツ施設・公園
宮前花広場,東京都品川区戸越4-9-19,文化・スポーツ施設・公園
勝島かもめ水辺広場,東京都品川区勝島1-4,文化・スポーツ施設・公園
ひらさん広場,東京都品川区平塚3-9-1,文化・スポーツ施設・公園
南品川さくら公園,東京都品川区南品川5-10-3,文化・スポーツ施設・公園
大崎西口公園,東京都品川区大崎2-10-14,文化・スポーツ施設・公園
小関橋公園,東京都品川区北品川5-7-18,文化・スポーツ施設・公園
中延うるおい公園,東京都品川区中延2-3-2,文化・スポーツ施設・公園
コヤマサンスクエア,東京都品川区小山3-6-13,文化・スポーツ施設・公園
旗六公園,東京都品川区旗の台6-5-15,文化・スポーツ施設・公園
夕陽公園,東京都品川区西五反田3-3-9,文化・スポーツ施設・公園
大崎川の辺緑地,東京都品川区大崎1-5-1,文化・スポーツ施設・公園
ころく坂の上広場,東京都品川区小山6-25-16,文化・スポーツ施設・公園
百反坂の上広場,東京都品川区大崎2-7-13,文化・スポーツ施設・公園
中延六丁目広場,東京都品川区中延6-5-19,文化・スポーツ施設・公園
マイガーデン西五反田,東京都品川区西五反田6-3-21,文化・スポーツ施設・公園
サンサン防災広場,東京都品川区豊町2-5-16,文化・スポーツ施設・公園
ゆたかしいのきひろば,東京都品川区豊町4-3-20,文化・スポーツ施設・公園
二葉三防災広場,東京都品川区二葉3-11-15,文化・スポーツ施設・公園
ぞう３広場,東京都品川区戸越3-7-4,文化・スポーツ施設・公園
出石こいこい広場,東京都品川区西大井3-11-3,文化・スポーツ施設・公園
天王洲アイル第三水辺広場,東京都品川区東品川2-1-18,文化・スポーツ施設・公園
天王洲アイル第五水辺広場,東京都品川区東品川2-6-1,文化・スポーツ施設・公園
豊町5-14開放広場,東京都品川区豊町5-14-7,文化・スポーツ施設・公園
東品川2-3開放広場,東京都品川区東品川2-3-2,文化・スポーツ施設・公園
二葉三南防災広場,東京都品川区二葉3-24-12,文化・スポーツ施設・公園
西六一区防災広場,東京都品川区西大井6-7-4,文化・スポーツ施設・公園
武蔵小山駅前公衆便所,東京都品川区小山3-27-1,区民生活関連施設
新馬場北公衆便所,東京都品川区北品川2-18-1,区民生活関連施設
西大井公衆便所,東京都品川区西大井1-3-2,区民生活関連施設
大井町駅東口公衆便所,東京都品川区東大井5-20-13,区民生活関連施設
不動前公衆便所,東京都品川区西五反田5-1-19,区民生活関連施設
谷山公園公園便所,東京都品川区西五反田3-6-15,区民生活関連施設
五反田シルバーセンター,東京都品川区東五反田2-15-6,高齢者福祉施設
西五反田シルバーセンター,東京都品川区西五反田3-9-10,高齢者福祉施設
上大崎シルバーセンター,東京都品川区上大崎1-3-12,高齢者福祉施設
南大井シルバーセンター,東京都品川区南大井3-7-13,高齢者福祉施設
ゆたかシルバーセンター,東京都品川区豊町3-2-15,高齢者福祉施設
旗の台シルバーセンター,東京都品川区旗の台4-13-1,高齢者福祉施設
小山シルバーセンター,東京都品川区小山5-17-18,高齢者福祉施設
関ヶ原シルバーセンター,東京都品川区東大井6-11-11,高齢者福祉施設
後地シルバーセンター,東京都品川区小山2-9-19,高齢者福祉施設
南品川シルバーセンター,東京都品川区南品川5-10-3,高齢者福祉施設
西大井いきいきセンター,東京都品川区西大井2-5-21,高齢者福祉施設
大崎ゆうゆうプラザ,東京都品川区大崎2-7-13,高齢者福祉施設
平塚橋ゆうゆうプラザ,東京都品川区西中延1-2-8,高齢者福祉施設
平塚ゆうゆうプラザ,東京都品川区平塚2-10-20,高齢者福祉施設
東品川ゆうゆうプラザ,東京都品川区東品川3-32-10,高齢者福祉施設
北品川ゆうゆうプラザ,東京都品川区北品川1-29-12,高齢者福祉施設
山中いきいき広場,東京都品川区大井3-7-19,高齢者福祉施設
荏原いきいき倶楽部,東京都品川区荏原6-2-8,高齢者福祉施設
いきいきラボ関ヶ原,東京都品川区東大井6-11-11,高齢者福祉施設
大井三丁目高齢者憩いの場,東京都品川区大井3-17-16,高齢者福祉施設
特別養護老人ホーム「かえで荘」,東京都品川区八潮5-1-1,高齢者福祉施設
特別養護老人ホーム 「成幸ホーム」,東京都品川区中延1-8-7,高齢者福祉施設
特別養護老人ホーム「晴楓ホーム」,東京都品川区東品川3-1-8,高齢者福祉施設
区立戸越台特別養護老人ホーム,東京都品川区戸越1-15-23,高齢者福祉施設
区立荏原特別養護老人ホーム,東京都品川区荏原2-9-6,高齢者福祉施設
区立中延特別養護老人ホーム,東京都品川区中延6-8-8,高齢者福祉施設
区立八潮南特別養護老人ホーム,東京都品川区八潮5-9-2,高齢者福祉施設
特別養護老人ホーム「ロイヤルサニー」,東京都品川区西大井2-4-4,高齢者福祉施設
区立杜松特別養護老人ホーム,東京都品川区豊町4-24-15,高齢者福祉施設
区立平塚橋特別養護老人ホーム,東京都品川区西中延1-2-8,高齢者福祉施設
区立上大崎特別養護老人ホーム,東京都品川区上大崎3-10-7,高齢者福祉施設
特別養護老人ホーム「グランアークみづほ」,東京都品川区南品川4-2-32,高齢者福祉施設
老人保健施設「ケアセンター南大井」,東京都品川区南大井5-19-1,高齢者福祉施設
介護老人保健施設ソピア御殿山,東京都品川区北品川5-2-1,高齢者福祉施設
康済会介護医療院,東京都品川区小山3-4-17,高齢者福祉施設
ケアホーム東大井,東京都品川区東大井5-8-12,高齢者福祉施設
グループホーム小山,東京都品川区小山7-14-4,高齢者福祉施設
グループホーム東大井,東京都品川区東大井5-8-12,高齢者福祉施設
グループホーム八潮南,東京都品川区八潮5-9-2,高齢者福祉施設
グループホーム大井,東京都品川区大井6-20-5,高齢者福祉施設
グループホーム杜松,東京都品川区豊町4-24-15,高齢者福祉施設
グループホーム東五反田,東京都品川区東五反田4-11-6,高齢者福祉施設
小山倶楽部,東京都品川区小山7-14-4,高齢者福祉施設
東大井倶楽部,東京都品川区東大井5-8-12,高齢者福祉施設
大井林町倶楽部,東京都品川区東大井4-9-1,高齢者福祉施設
杜松倶楽部,東京都品川区豊町4-24-15,高齢者福祉施設
東五反田倶楽部,東京都品川区東五反田4-11-6,高齢者福祉施設
台場在宅介護支援センター,東京都品川区北品川3-11-16,高齢者福祉施設
東品川在宅介護支援センター,東京都品川区東品川3-1-5,高齢者福祉施設
東品川第二在宅介護支援センター,東京都品川区東品川3-27-25,高齢者福祉施設
上大崎在宅介護支援センター,東京都品川区上大崎3-1-1,高齢者福祉施設
西五反田在宅介護支援センター,東京都品川区西五反田3-6-6,高齢者福祉施設
大崎在宅介護支援センター,東京都品川区大崎2-11-1 大崎ウィズタワー2階,高齢者福祉施設
南大井在宅介護支援センター,東京都品川区南大井4-19-3,高齢者福祉施設
南大井第二在宅介護支援センター,東京都品川区東大井4-9-1,高齢者福祉施設
大井在宅介護支援センター,東京都品川区大井4-14-8,高齢者福祉施設
大井第二在宅介護支援センター,東京都品川区大井3-15-7,高齢者福祉施設
西大井在宅介護支援センター,東京都品川区西大井2-4-4,高齢者福祉施設
荏原在宅介護支援センター,東京都品川区荏原2-9-6,高齢者福祉施設
小山台在宅介護支援センター,東京都品川区小山台1-4-1,高齢者福祉施設
小山在宅介護支援センター,東京都品川区小山7-14-18,高齢者福祉施設
成幸在宅介護支援センター,東京都品川区中延1-8-7,高齢者福祉施設
中延在宅介護支援センター,東京都品川区中延6-8-8,高齢者福祉施設
大原在宅介護支援センター,東京都品川区豊町6-25-13,高齢者福祉施設
戸越台在宅介護支援センター,東京都品川区戸越1-15-23,高齢者福祉施設
杜松在宅介護支援センター,東京都品川区豊町4-24-15,高齢者福祉施設
八潮在宅介護支援センター,東京都品川区八潮5-9-2,高齢者福祉施設
東品川在宅サービスセンター,東京都品川区東品川3-1-8,高齢者福祉施設
大崎在宅サービスセンター,東京都品川区大崎2-11-1 大崎ウィズタワー1階,高齢者福祉施設
西五反田在宅サービスセンター,東京都品川区西五反田3-6-6,高齢者福祉施設
南大井在宅サービスセンター,東京都品川区南大井5-19-1,高齢者福祉施設
月見橋の家,東京都品川区南大井3-7-10,高齢者福祉施設
大井在宅サービスセンター,東京都品川区大井4-14-8,高齢者福祉施設
西大井在宅サービスセンター,東京都品川区西大井2-4-4,高齢者福祉施設
荏原在宅サービスセンター,東京都品川区荏原2-9-6,高齢者福祉施設
小山の家,東京都品川区小山7-14-18,高齢者福祉施設
成幸在宅サービスセンター,東京都品川区中延1-8-7,高齢者福祉施設
中延在宅サービスセンター,東京都品川区中延6-8-8,高齢者福祉施設
戸越台在宅サービスセンター,東京都品川区戸越1-15-23,高齢者福祉施設
八潮在宅サービスセンター,東京都品川区八潮5-10-27,高齢者福祉施設
五反田保育園ふれあいデイホーム,東京都品川区東五反田2-15-6,高齢者福祉施設
デイサービスセンター八潮陽だまり,東京都品川区八潮5-2-2 八潮ビル3階,高齢者福祉施設
品川区社会福祉協議会,東京都品川区大井1-14-1(大井1丁目共同ビル内),その他福祉施設
品川ボランティアセンター,東京都品川区大井1-14-1(大井1丁目共同ビル内),その他福祉施設
さわやかサービス,東京都品川区大井1-14-1(大井1丁目共同ビル内),その他福祉施設
品川介護福祉専門学校,東京都品川区西品川1-28-3,その他福祉施設
品川年金事務所,東京都品川区大崎5-1-5 高徳ビル2階,官公署・公共機関
大井町サービスコーナー,東京都品川区大井1-2-1,区民生活関連施設
品川区目黒サービスコーナー,東京都品川区上大崎3-1-1,区民生活関連施設
桐ヶ谷斎場,東京都品川区西五反田5-32-20,区民生活関連施設
臨海斎場,東京都品川区大田区東海1-3-1,区民生活関連施設
すまいるスクール城南,東京都品川区南品川2-8-21,小学校
すまいるスクール浅間台,東京都品川区南品川6-8-8,小学校
すまいるスクール三木,東京都品川区西品川3-16-28,小学校
すまいるスクール御殿山,東京都品川区北品川5-2-6,小学校
すまいるスクール城南第二,東京都品川区東品川3-4-5,小学校
すまいるスクール第一日野,東京都品川区西五反田6-5-32,小学校
すまいるスクール芳水,東京都品川区大崎3-12-22,小学校
すまいるスクール第三日野,東京都品川区上大崎1-19-19,小学校
すまいるスクール第四日野,東京都品川区西五反田4-29-9,小学校
すまいるスクール大井第一,東京都品川区大井6-1-32,小学校
すまいるスクール鮫浜,東京都品川区東大井2-10-14,小学校
すまいるスクール山中,東京都品川区大井3-7-19,小学校
すまいるスクール立会,東京都品川区東大井4-15-9,小学校
すまいるスクール浜川,東京都品川区南大井4-3-27,小学校
すまいるスクール伊藤,東京都品川区西大井5-6-8,小学校
すまいるスクール鈴ケ森,東京都品川区南大井4-16-2,小学校
すまいるスクール台場,東京都品川区東品川1-8-30,小学校
すまいるスクール京陽,東京都品川区平塚2-19-20,小学校
すまいるスクール延山,東京都品川区西中延2-17-5,小学校
すまいるスクール中延,東京都品川区中延1-11-15,小学校
すまいるスクール小山,東京都品川区小山5-10-6,小学校
すまいるスクール大原,東京都品川区戸越6-17-3,小学校
すまいるスクール宮前,東京都品川区戸越4-5-10,小学校
すまいるスクール源氏前,東京都品川区中延6-2-18,小学校
すまいるスクール第二延山,東京都品川区旗の台1-6-1,小学校
すまいるスクール後地,東京都品川区小山2-4-6,小学校
すまいるスクール戸越,東京都品川区豊町2-1-20,小学校
すまいるスクール旗台,東京都品川区旗の台4-7-11,小学校
すまいるスクール上神明,東京都品川区二葉4-4-10,小学校
すまいるスクール清水台,東京都品川区旗の台1-11-17,小学校
すまいるスクール小山台,東京都品川区小山台1-18-24,小学校
東品川児童センター,東京都品川区東品川1-34-9,児童センター
北品川児童センター,東京都品川区北品川2-7-21,児童センター
東大井児童センター,東京都品川区東大井1-22-16,児童センター
南品川児童センター,東京都品川区南品川4-5-28,児童センター
中原児童センター,東京都品川区小山1-4-1,児童センター
東五反田児童センター,東京都品川区東五反田5-24-1,児童センター
三ツ木児童センター,東京都品川区西品川2-6-13,児童センター
小関児童センター,東京都品川区北品川5-8-15,児童センター
水神児童センター,東京都品川区南大井5-13-19,児童センター
南大井児童センター,東京都品川区南大井3-7-13,児童センター
大井倉田児童センター,東京都品川区大井4-11-34,児童センター
一本橋児童センター,東京都品川区大井2-25-1,児童センター
滝王子児童センター,東京都品川区大井5-19-14,児童センター
伊藤児童センター,東京都品川区西大井6-13-1,児童センター
平塚児童センター,東京都品川区平塚2-2-3,児童センター
後地児童センター,東京都品川区小山2-9-19,児童センター
旗の台児童センター,東京都品川区旗の台5-19-5,児童センター
西中延児童センター,東京都品川区西中延3-8-5,児童センター
東中延児童センター,東京都品川区東中延2-5-10,児童センター
中延児童センター,東京都品川区西中延1-6-16,児童センター
冨士見台児童センター,東京都品川区西大井6-1-8,児童センター
大原児童センター,東京都品川区戸越6-16-1,児童センター
ゆたか児童センター,東京都品川区豊町1-18-15,児童センター
南ゆたか児童センター,東京都品川区豊町4-17-21,児童センター
八潮児童センター,東京都品川区八潮5-10-27,児童センター
すまいるスクール日野学園,東京都品川区東五反田2-11-1,義務教育学校
すまいるスクール伊藤学園,東京都品川区大井5-1-37,義務教育学校
すまいるスクール八潮学園,東京都品川区八潮5-11-2,義務教育学校
すまいるスクール荏原平塚学園,東京都品川区平塚3-16-26,義務教育学校
すまいるスクール品川学園,東京都品川区北品川3-9-30,義務教育学校
すまいるスクール豊葉の杜学園,東京都品川区二葉1-3-40,義務教育学校
品川景徳学園,東京都品川区旗の台5-25-19,その他福祉施設
IKUMOやしお　(八潮子育て支援施設),東京都品川区八潮5-8-41,その他教育・子どもの施設
戸越オアシスルーム,東京都品川区戸越6-8-4,その他教育・子どもの施設
品川区児童相談所,東京都品川区北品川3-10-9,官公署・公共機関
東京都品川児童相談所,東京都品川区北品川3-7-21,その他福祉施設
大崎図書館分館,東京都品川区大崎3-12-22,文化・スポーツ施設・公園
大崎駅西口図書取次施設,東京都品川区大崎2-11-1 大崎ウィズシティテラス2階,文化・スポーツ施設・公園
武蔵小山図書取次施設,東京都品川区小山3-22-3,文化・スポーツ施設・公園
区立心身障害者福祉会館,東京都品川区旗の台5-2-2,障害者福祉施設
品川区旗の台障害児者相談支援センター,東京都品川区旗の台5-2-2(心身障害者福祉会館内),障害者福祉施設
障害者地域活動支援センター「逢(あえる)」,東京都品川区旗の台5-2-2(心身障害者福祉会館内),障害者福祉施設
かもめ園,東京都品川区八潮5-1-1,障害者福祉施設
北品川つばさの家,東京都品川区北品川3-7-21,障害者福祉施設
区立障害児者総合支援施設「ぐるっぽ」,東京都品川区南品川3-7-7,障害者福祉施設
品川区南品川障害児者相談支援センター,東京都品川区南品川3-7-7(障害児者総合支援施設「ぐるっぽ」内),障害者福祉施設
品川児童学園,東京都品川区南品川3-7-7(障害児者総合支援施設「ぐるっぽ」内),障害者福祉施設
品川児童学園子ども発達相談室,東京都品川区南品川3-7-7(障害児者総合支援施設「ぐるっぽ」内),障害者福祉施設
地域活動支援センター,東京都品川区南品川3-7-7(障害児者総合支援施設「ぐるっぽ」内),障害者福祉施設
区立発達障害者支援施設「ぷらーす」,東京都品川区上大崎1-20-12,障害者福祉施設
品川区発達障害児者相談支援センター,東京都品川区上大崎1-20-12,障害者福祉施設
区立西大井福祉園,東京都品川区西大井5-7-24,障害者福祉施設
区立かがやき園,東京都品川区西大井6-2-14,障害者福祉施設
品川区東品川障害者相談支援センター,東京都品川区東品川3-1-8 福栄会2階,障害者福祉施設
品川区精神障害者地域生活支援センター「たいむ」,東京都品川区西五反田2-24-2,障害者福祉施設
西大井つばさの家,東京都品川区西大井5-7-24,障害者福祉施設
にじのひろば戸越,東京都品川区戸越6-8-20,障害者福祉施設
にじのひろば八潮,東京都品川区八潮5-3-8,障害者福祉施設
障害者就労支援センター「げんき品川」,東京都品川区大崎4-11-12,障害者福祉施設
上大崎つばさの家,東京都品川区上大崎1-20-12,障害者福祉施設
品川区重症心身障害者通所事業所「ピッコロ」,東京都品川区八潮5-3-8,障害者福祉施設
区立出石つばさの家,東京都品川区西大井3-11-19,障害者福祉施設
大原児童発達支援センター,東京都品川区戸越6-16-1,障害者福祉施設
品川区東品川精神障害者相談支援センター「のどか」,東京都品川区東品川3-1-8,障害者福祉施設
区長室分室,東京都品川区南大井3-7-10,総合庁舎・地域センター・区民集会所
ジェンダー平等推進センター,東京都品川区東大井5-18-1 きゅりあん3階,区民生活関連施設
品川区スポーツ協会,東京都品川区東五反田2-11-2(総合体育館内),文化・スポーツ施設・公園
アイルしながわ,東京都品川区東品川2-3-2,文化・スポーツ施設・公園
総合体育館,東京都品川区東五反田2-11-2,文化・スポーツ施設・公園
戸越体育館,東京都品川区豊町2-1-17,文化・スポーツ施設・公園
八潮北公園野球場,東京都品川区八潮1-3-1,文化・スポーツ施設・公園
大井ふ頭中央海浜公園野球場,東京都品川区八潮4-1-19,文化・スポーツ施設・公園
子供の森野球場,東京都品川区北品川3-10-13,文化・スポーツ施設・公園
しながわ区民公園野球場,東京都品川区勝島3-2-2,文化・スポーツ施設・公園
東品川公園庭球場,東京都品川区東品川3-14-9,文化・スポーツ施設・公園
八潮北公園庭球場,東京都品川区八潮1-3-1,文化・スポーツ施設・公園
しながわ区民公園庭球場,東京都品川区勝島3-2-2,文化・スポーツ施設・公園
しながわ中央公園庭球場,東京都品川区西品川1-27,文化・スポーツ施設・公園
東品川公園弓道場,東京都品川区東品川3-14-9,文化・スポーツ施設・公園
大井ふ頭中央海浜公園陸上競技場・球技場,東京都品川区八潮4-1-19,文化・スポーツ施設・公園
コナミスポーツクラブ,東京都品川区東品川4-10-1,文化・スポーツ施設・公園
戸越台中学校温水プール,東京都品川区戸越1-15-23,文化・スポーツ施設・公園
しながわ区民公園屋外プール,東京都品川区勝島3-2-2,文化・スポーツ施設・公園
八潮学園温水プール,東京都品川区八潮5-11-2,文化・スポーツ施設・公園
天王洲公園野球場,東京都品川区東品川2-6-23,文化・スポーツ施設・公園
豊葉の杜学園温水プール,東京都品川区二葉1－3－40,文化・スポーツ施設・公園
品川学園温水プール,東京都品川区北品川3-9-30,文化・スポーツ施設・公園
しながわ中央公園多目的広場,東京都品川区西品川1-27・28,文化・スポーツ施設・公園
八潮北公園フットサル場兼庭球場,東京都品川区八潮1-3-1,文化・スポーツ施設・公園
しながわ区民公園こどもサッカー場,東京都品川区勝島3-2-2,文化・スポーツ施設・公園
品川南ふ頭公園野球場,東京都品川区東品川5-8-4,文化・スポーツ施設・公園
鮫洲運動公園こども野球場,東京都品川区東大井1-4-11,文化・スポーツ施設・公園
第三北品川病院,東京都品川区北品川3-3-7,医療機関・保健センター等
大村病院,東京都品川区大井3-27-11,医療機関・保健センター等
昭和医科大学病院,東京都品川区旗の台1-5-8,医療機関・保健センター等
旗の台病院,東京都品川区旗の台5-17-16,医療機関・保健センター等
東京ハートセンター,東京都品川区北品川5-4-12,医療機関・保健センター等
品川区医師会,東京都品川区北品川3-7-25,医療機関・保健センター等
東京品川病院,東京都品川区東大井6-3-22,医療機関・保健センター等
ＮＴＴ東日本関東病院,東京都品川区東五反田5-9-22,医療機関・保健センター等
いすゞ病院,東京都品川区南大井6-21-10,医療機関・保健センター等
医師会立品川区訪問看護ステーション,東京都品川区北品川3-7-25,医療機関・保健センター等
医師会立荏原訪問看護ステーション,東京都品川区中延1-7-12,医療機関・保健センター等
生活衛生課検査室,東京都品川区北品川3-11-16,医療機関・保健センター等
東邦大学医療センター大森病院,東京都大田区大森西6-11-1,医療機関・保健センター等
昭和医科大学病院附属東病院,東京都品川区西中延2-14-19,医療機関・保健センター等
荏原病院,東京都大田区東雪谷4-5-10,医療機関・保健センター等
稲波脊椎・関節病院,東京都品川区東品川3-17-5,医療機関・保健センター等
荏原医師会,東京都品川区中延2-6-5,医療機関・保健センター等
浜川荘,東京都品川区勝島1-9-11,官公署・公共機関
荏原税務署,東京都品川区中延1-1-5,官公署・公共機関
品川税務署,東京都品川区港区高輪3-13-22,官公署・公共機関
品川都税事務所,東京都品川区広町2-1-36(品川区役所本庁舎内),官公署・公共機関
品川自動車税事務所,東京都品川区東大井1-12-18,官公署・公共機関
品川区国際友好協会,東京都品川区中延5-6-3,区民生活関連施設
こみゅにてぃぷらざ八潮(区民活動交流施設),東京都品川区八潮5-9-11,文化・スポーツ施設・公園
ウェルカムセンター原・交流施設,東京都品川区西大井2-5-21,文化・スポーツ施設・公園
品川第一地域センター・区民集会所,東京都品川区北品川3-11-16,総合庁舎・地域センター・区民集会所
品川第二地域センター・区民集会所,東京都品川区南品川5-3-20,総合庁舎・地域センター・区民集会所
大崎第一地域センター・区民集会所,東京都品川区西五反田3-6-3,総合庁舎・地域センター・区民集会所
大崎第二地域センター・区民集会所,東京都品川区大崎2-9-4,総合庁舎・地域センター・区民集会所
大井第一地域センター,東京都品川区南大井1-12-6,総合庁舎・地域センター・区民集会所
大井第二地域センター・区民集会所,東京都品川区大井2-27-20,総合庁舎・地域センター・区民集会所
大井第三地域センター・区民集会所,東京都品川区西大井2-10-3,総合庁舎・地域センター・区民集会所
荏原第一地域センター・区民集会所,東京都品川区小山3-14-1 シティタワー武蔵小山商業施設棟2階,総合庁舎・地域センター・区民集会所
荏原第二地域センター・区民集会所,東京都品川区荏原6-17-12,総合庁舎・地域センター・区民集会所
荏原第三地域センター・区民集会所,東京都品川区平塚1-13-18,総合庁舎・地域センター・区民集会所
荏原第四地域センター・区民集会所,東京都品川区中延5-3-12,総合庁舎・地域センター・区民集会所
荏原第五地域センター・区民集会所,東京都品川区二葉1-1-2,総合庁舎・地域センター・区民集会所
八潮地域センター・区民集会所,東京都品川区八潮5-10-27,総合庁舎・地域センター・区民集会所
東大井区民集会所,東京都品川区東大井2-16-12,総合庁舎・地域センター・区民集会所
荏原区民センター,東京都品川区荏原5-6-5,区民生活関連施設
品川荘,静岡県伊東市広野1-3-17,区民生活関連施設
光林荘,栃木県日光市細尾町676-1,区民生活関連施設
東急中延駅駐輪場,東京都品川区中延4-5-6,区民生活関連施設
東急荏原中延駅駐輪場,東京都品川区中延2-8-1,区民生活関連施設
サイクルパーキング大井町A,東京都品川区東大井5-1,区民生活関連施設
ＪＲ東急目黒ビル駐輪場,東京都品川区上大崎3-1,区民生活関連施設
東急不動前駐輪場,東京都品川区西五反田5-1-19,区民生活関連施設
東急西小山駅（北）駐輪場,東京都品川区小山5-20,区民生活関連施設
東急西小山駅（南）駐輪場,東京都品川区小山6-1,区民生活関連施設
東急武蔵小山駅東口駐輪場,東京都品川区小山1-24,区民生活関連施設
東急武蔵小山駅西口駐輪場,東京都品川区小山4-2,区民生活関連施設
大崎駅東口区営自転車等駐車場,東京都品川区大崎1-4,区民生活関連施設
大崎駅西口区営自転車等駐車場,東京都品川区大崎2-1,区民生活関連施設
大崎駅西口第2区営自転車等駐車場,"東京都品川区大崎3-5,東京都品川区大崎3-6",区民生活関連施設
大井町駅東口区営自転車等駐車場,"東京都品川区東大井5-20，東京都品川区東大井5-21,東京都品川区東大井5-22，東京都品川区東大井6-2",区民生活関連施設
大井町駅西口区営自転車等駐車場,東京都品川区大井1-7-9,区民生活関連施設
大井町駅西口第2区営自転車等駐車場,"東京都品川区大井4-3東京都品川区,大井4-4",区民生活関連施設
戸越公園駅第1区営自転車等駐車場,東京都品川区戸越5-10,区民生活関連施設
戸越公園駅第2区営自転車等駐車場,東京都品川区戸越6-6,区民生活関連施設
戸越駅第1区営自転車等駐車場,東京都品川区平塚1-6,区民生活関連施設
中延駅第2区営自転車等駐車場,東京都品川区中延4-7,区民生活関連施設
中延駅第3区営自転車等駐車場,東京都品川区豊町6-24,区民生活関連施設
新馬場駅区営自転車等駐車場,東京都品川区南品川2-9,区民生活関連施設
旗の台駅第1区営自転車等駐車場,東京都品川区旗の台2-6,区民生活関連施設
旗の台駅第2区営自転車等駐車場,東京都品川区旗の台2-7,区民生活関連施設
五反田駅区営自転車等駐車場,"東京都品川区東五反田5-27,東京都品川区西五反田2-2,東京都品川区西五反田2-3,東京都品川区西五反田2-4,東京都品川区西五反田2-5",区民生活関連施設
大井競馬場前駅区営自転車等駐車場,"東京都品川区勝島1-4,東京都品川区勝島1-5",区民生活関連施設
下神明駅区営自転車等駐車場,東京都品川区二葉1-1,区民生活関連施設
戸越銀座駅区営自転車等駐車場,東京都品川区平塚1-5-1,区民生活関連施設
天王洲アイル駅第1区営自転車等駐車場,東京都品川区東品川2-5,区民生活関連施設
天王洲アイル駅第2区営自転車等駐車場,東京都品川区東品川2-4,区民生活関連施設
品川シーサイド駅区営自転車等駐車場,東京都品川区東品川4-12,区民生活関連施設
大森駅水神口区営自転車等駐車場,"東京都品川区南大井6-15,東京都品川区南大井6-18,東京都品川区南大井6-23",区民生活関連施設
西大井駅区営自転車等駐車場,"東京都品川区西大井1-3,東京都品川区西大井1-4,東京都品川区二葉2-26-6",区民生活関連施設
荏原町駅区営自転車等駐車場,東京都品川区中延5-1-1,区民生活関連施設
青物横丁駅区営自転車等駐車場,東京都品川区南品川2-4,区民生活関連施設
立会川駅区営自転車等駐車場,東京都品川区南大井1-3-1,区民生活関連施設
中小企業センター,東京都品川区西品川1-28-3,区民生活関連施設
SHⅠP(品川産業支援交流施設),東京都品川区北品川5-5-15 大崎ブライトコア3・4階,区民生活関連施設
広町一丁目工場アパート,東京都品川区広町1-5-28,区民生活関連施設
西大井創業支援センター,東京都品川区西大井1-1-2Jタワー西大井イーストタワー2階,区民生活関連施設
天王洲創業支援センター,東京都品川区東品川2-2-25サンウッド品川天王洲タワー2・3階,区民生活関連施設
ものづくり創造センター,東京都品川区大井4-29-22,区民生活関連施設
武蔵小山創業支援センター,東京都品川区小山3-27-5,区民生活関連施設
CITYHALL&GALLERYGOTANDA(五反田産業文化施設),東京都品川区西五反田８-４-１３五反田JPビルディング３階,区民生活関連施設
品川区就業センター,東京都品川区西品川1-28-3(中小企業センター内),区民生活関連施設
サポしながわ,東京都品川区西品川1-28-3(中小企業センター内),区民生活関連施設
品川区消費者センター,東京都品川区西品川1-28-3 中小企業センター4階,区民生活関連施設
ハローワーク品川,東京都品川区港区芝5-35-3,官公署・公共機関
城南職業能力開発センター,東京都品川区東品川3-31-16,官公署・公共機関
品川労働基準監督署,東京都品川区上大崎3-13-26,官公署・公共機関
東京都労働相談情報センター大崎事務所(労働相談),東京都品川区大崎1-11-1ゲートシティ大崎ウエストタワー2階,官公署・公共機関
東京都南部労政会館,東京都品川区大崎1-11-1ゲートシティ大崎ウエストタワー2階,官公署・公共機関
東京国道事務所品川出張所,東京都品川区八潮1-1-3,官公署・公共機関
都建設局第二建設事務所(都道),東京都品川区広町2-1-36(品川区役所本庁舎内),官公署・公共機関
荏原ほっと・サロン,東京都品川区荏原4-12-20,その他福祉施設
西大井ほっと・サロン,東京都品川区西大井3-1-4,その他福祉施設
南品川ほっと・サロン,東京都品川区南品川5-10-3(南品川シルバーセンター内),その他福祉施設
大井三丁目ほっと・サロン,東京都品川区大井3-17-16(大井三丁目高齢者憩いの場内),その他福祉施設
平塚ほっと・サロン,東京都品川区平塚2-10-20(平塚ゆうゆうプラザ内),その他福祉施設
品川成年後見センター,東京都品川区大井1-14-1(大井1丁目共同ビル内),その他福祉施設
品川歴史館,東京都品川区大井6-11-1,文化・スポーツ施設・公園
メイプルセンター,東京都品川区西大井1-4-25 コアスターレ西大井第1ビル4階・5階,文化・スポーツ施設・公園
五反田文化センター,東京都品川区西五反田6-5-1,文化・スポーツ施設・公園
荏原文化センター,東京都品川区中延1-9-15,文化・スポーツ施設・公園
東品川文化センター,東京都品川区東品川3-32-10,文化・スポーツ施設・公園
旗の台文化センター,東京都品川区旗の台5-19-5,文化・スポーツ施設・公園
南大井文化センター,東京都品川区南大井1-12-6,文化・スポーツ施設・公園
きゅりあん(総合区民会館),東京都品川区東大井5-18-1,文化・スポーツ施設・公園
スクエア荏原(荏原平塚総合区民会館),東京都品川区荏原4-5-28,文化・スポーツ施設・公園
O美術館,東京都品川区大崎1-6-2 大崎ニューシティ2号館2階,文化・スポーツ施設・公園
杉野学園衣裳博物館,東京都品川区上大崎4-6-19,文化・スポーツ施設・公園
品川区民ギャラリー,東京都品川区大井1-3-6イトーヨーカドー大井町店8階,文化・スポーツ施設・公園
久米美術館,東京都品川区上大崎2-25-5久米ビル8階,文化・スポーツ施設・公園
船の科学館,東京都品川区東八潮3-1,文化・スポーツ施設・公園
Ｏ（オー）美術館,東京都品川区大崎1-6-2大崎ニューシティ２号館,文化・スポーツ施設・公園
六行会ホール,東京都品川区北品川2-32-3,文化・スポーツ施設・公園
しながわ観光協会(しなかんPLAZA),東京都品川区大井1-14-1(大井1丁目共同ビル内),区民生活関連施設
城南幼稚園,東京都品川区南品川2-8-21,保育・教育施設
平塚幼稚園,東京都品川区荏原4-5-22,保育・教育施設
浜川幼稚園,東京都品川区南大井4-3-14,保育・教育施設
御殿山幼稚園,東京都品川区北品川5-3-1,保育・教育施設
第一日野幼稚園,東京都品川区西五反田6-5-6,保育・教育施設
台場幼稚園,東京都品川区東品川1-8-30,保育・教育施設
二葉幼稚園,東京都品川区二葉1-3-40,保育・教育施設
八潮わかば幼稚園,東京都品川区八潮5-6-32,保育・教育施設
北品川保育園,東京都品川区北品川2-7-21,保育・教育施設
北品川第二保育園,東京都品川区北品川3-7-43,保育・教育施設
ハツ山保育園,東京都品川区東品川1-2-15,保育・教育施設
台場保育園,東京都品川区東品川1-8-30,保育・教育施設
東品川保育園,東京都品川区東品川1-34-9,保育・教育施設
品川保育園,東京都品川区東大井5-8-12,保育・教育施設
西品川保育園,東京都品川区西品川3-16-35,保育・教育施設
西品川保育園(分園),東京都品川区西品川3-16-28,保育・教育施設
五反田保育園,東京都品川区東五反田2-15-6,保育・教育施設
東五反田保育園,東京都品川区東五反田5-24-1,保育・教育施設
西五反田保育園,東京都品川区西五反田3-9-10,保育・教育施設
西五反田第二保育園,東京都品川区西五反田6-5-6,保育・教育施設
大崎保育園,東京都品川区大崎5-2-1,保育・教育施設
中原保育園,東京都品川区小山1-4-1,保育・教育施設
東大井保育園,東京都品川区東大井1-22-16,保育・教育施設
南大井保育園,東京都品川区南大井3-7-4,保育・教育施設
水神保育園,東京都品川区南大井6-2-15,保育・教育施設
大井倉田保育園,東京都品川区大井4-11-8,保育・教育施設
滝王子保育園,東京都品川区大井5-18-1,保育・教育施設
西大井保育園,東京都品川区西大井1-1-1,保育・教育施設
冨士見台保育園,東京都品川区西大井6-1-15,保育・教育施設
伊藤保育園,東京都品川区西大井6-13-1,保育・教育施設
小山台保育園,東京都品川区小山台1-3-8,保育・教育施設
平塚保育園,東京都品川区平塚2-2-3,保育・教育施設
荏原保育園,東京都品川区荏原2-16-18,保育・教育施設
荏原西保育園,東京都品川区荏原4-16-11,保育・教育施設
清水台保育園,東京都品川区荏原7-8-3,保育・教育施設
旗の台保育園,東京都品川区旗の台5-19-5,保育・教育施設
源氏前保育園,東京都品川区中延4-14-19,保育・教育施設
中延保育園,東京都品川区西中延1-6-16,保育・教育施設
中延保育園(分園),東京都品川区中延1-11-15,保育・教育施設
西中延保育園,東京都品川区西中延3-8-5,保育・教育施設
東中延保育園,東京都品川区東中延2-5-10,保育・教育施設
ゆたか保育園,東京都品川区豊町1-18-15,保育・教育施設
南ゆたか保育園,東京都品川区豊町4-17-21,保育・教育施設
二葉保育園,東京都品川区二葉1-4-25,保育・教育施設
二葉つぼみ保育園,東京都品川区二葉1-3-40,保育・教育施設
八潮南保育園,東京都品川区八潮5-6-32,保育・教育施設
荏原西第二保育園,東京都品川区荏原4-5-22,保育・教育施設
五反田第二保育園,東京都品川区北品川5-3-1,保育・教育施設
一本橋保育園,東京都品川区大井2-25-1,保育・教育施設
大井保育園,東京都品川区東大井6-14-16,保育・教育施設
ひがしやつやま保育園,東京都品川区北品川1-16-4,保育・教育施設
三ツ木保育園,東京都品川区西品川1-9-18,保育・教育施設
八潮北保育園,東京都品川区八潮5-1-3,保育・教育施設
八潮西保育園,東京都品川区八潮5-4-16,保育・教育施設
石井こども園,東京都品川区小山2-6-15,保育・教育施設
たから保育園,東京都品川区西五反田4-11-18,保育・教育施設
品川学藝保育園,東京都品川区豊町2-16-12,保育・教育施設
東戸越保育園,東京都品川区戸越4-1-10,保育・教育施設
緑の家保育園,東京都品川区大井7-4-18,保育・教育施設
八潮中央保育園,東京都品川区八潮5-10-60-101,保育・教育施設
八潮すこやか園,東京都品川区八潮5-6-32,保育・教育施設
あけぼの幼稚園,東京都品川区大井5丁目10-12,保育・教育施設
アライアンス幼稚園,東京都品川区小山4丁目4-13,保育・教育施設
荏原学園旭幼稚園,東京都品川区中延5丁目6-18,保育・教育施設
エトワール幼稚園,東京都品川区南品川5丁目12-4,保育・教育施設
大井うさぎ幼稚園,東京都品川区大井7丁目1-5,保育・教育施設
大崎幼稚園,東京都品川区大崎3丁目11-1,保育・教育施設
亀田幼稚園,東京都品川区中延6丁目1-3,保育・教育施設
品川教会附属幼稚園,東京都品川区北品川4丁目7-40,保育・教育施設
鈴ヶ森めばえ幼稚園,東京都品川区南大井2丁目4-1,保育・教育施設
専修幼稚園,東京都品川区西五反田6丁目11-5,保育・教育施設
洗足うさぎ幼稚園,東京都品川区荏原7丁目18-15,保育・教育施設
帝京にしき幼稚園,東京都品川区旗の台6丁目5-30,保育・教育施設
品川学藝幼稚園,東京都品川区豊町2丁目16-12,保育・教育施設
ひまわり幼稚園,東京都品川区小山6丁目10-11,保育・教育施設
文教大学付属幼稚園,東京都品川区旗の台3丁目2-17,保育・教育施設
八潮幼稚園,東京都品川区東品川3丁目24-8,保育・教育施設
こぐま保育園,東京都品川区旗の台2-7-17,保育・教育施設
さくら大崎保育園,東京都品川区大崎2-9-4,保育・教育施設
しながわがくどうえん,東京都品川区南品川2-7-7,保育・教育施設
小学館アカデミーアトレ大井町,東京都品川区大井1-1-1,保育・教育施設
小学館アカデミーおおさき駅前,東京都品川区大崎1-2-3,保育・教育施設
小学館アカデミーむさしこやま,東京都品川区小山3-27-5,保育・教育施設
たんぽぽ保育所東大井園,東京都品川区東大井2-12-19,保育・教育施設
TKチルドレンズファーム上大崎校,東京都品川区上大崎3-14-35,保育・教育施設
TKチルドレンズファーム東大井校,東京都品川区東大井3-18-13,保育・教育施設
パレット保育園不動前,東京都品川区西五反田5-12-1,保育・教育施設
ひよこの家保育園,東京都品川区大崎4-6-3,保育・教育施設
ポピンズナーサリースクール東五反田,東京都品川区東五反田2-10-1,保育・教育施設
ポピンズナーサリースクール東品川,東京都品川区東品川4-12-12,保育・教育施設
めだか保育園,東京都品川区東大井3-22-2,保育・教育施設
ミアヘルサ保育園ゆらりん東品川,東京都品川区東品川3-7-10,保育・教育施設
ルーチェ保育園南品川,東京都品川区南品川2-4-7,保育・教育施設
アスク南大井保育園,東京都品川区南大井6-22-7,保育・教育施設
ポピンズナーサリースクール大井町,東京都品川区二葉1-12-18,保育・教育施設
キッズタウンにしおおい,東京都品川区西大井2-5-21,保育・教育施設
グローバルキッズ荏原町保育園,東京都品川区中延5-2-1,保育・教育施設
グローバルキッズ戸越園,東京都品川区戸越5-14-23,保育・教育施設
にじいろ保育園大崎,東京都品川区大崎5-4-3,保育・教育施設
まなびの森保育園大崎広小路,東京都品川区西五反田1-21-8,保育・教育施設
みずなら保育園,東京都品川区東品川3-21-10,保育・教育施設
みどりの丘保育園,東京都品川区西大井4-19-11,保育・教育施設
あいのもり保育園,東京都品川区大井1-16-2,保育・教育施設
うみのくに保育園とごし,東京都品川区戸越1-19-18,保育・教育施設
アンジェリカはまかわ保育園,東京都品川区東大井3-18-2,保育・教育施設
グローバルキッズ大崎園,東京都品川区北品川5-9-15,保育・教育施設
Gakkenほいくえん　大崎,東京都品川区大崎3-6-32,保育・教育施設
ベネッセ大崎広小路保育園,東京都品川区大崎4-1-2,保育・教育施設
品川翔英幼稚園,東京都品川区西大井1-6-13,保育・教育施設
BunBu学院Jr 戸越園,東京都東京都品川区戸越5-4-3,保育・教育施設
グローバルキッズ中延園,東京都品川区中延4-5-7,保育・教育施設
ポピンズナーサリースクール西五反田,東京都品川区西五反田8-10-8,保育・教育施設
アンジェリカ東品川保育園,東京都品川区東品川4-8-8,保育・教育施設
大崎ひまわり保育園,東京都品川区大崎3-1-9,保育・教育施設
グローバルキッズ西大井園,東京都品川区西大井6-6-2,保育・教育施設
ウィズブック保育園天王洲,東京都品川区東品川2-5-5　ハーバーワンビル1階,保育・教育施設
太陽の子南品川保育園,東京都品川区南品川5-3-10,保育・教育施設
キッズガーデン品川上大崎,東京都品川区上大崎4-5-37,保育・教育施設
Gakkenこどもえん,東京都品川区西五反田2-11-8,保育・教育施設
キッズガーデン品川洗足,東京都品川区小山7-11-6,保育・教育施設
アソシエ旗の台保育園,東京都品川区旗の台6-29-14,保育・教育施設
ソラストむさしこやま保育園,東京都品川区小山5-9-16,保育・教育施設
品川大和保育園,東京都品川区小山4-3-9,保育・教育施設
ウィズブック保育園武蔵小山パルズ,東京都品川区小山4-14-10,保育・教育施設
ウィズブック保育園武蔵小山,東京都品川区小山4-4-7　コスモ武蔵小山ビル1・2階,保育・教育施設
空のはねこども園はたのだい,東京都品川区旗の台2-6-7,保育・教育施設
ニチイキッズむさしこやま保育園,東京都品川区小山3-15-1　パークシティ武蔵小山ザモール,保育・教育施設
ウィズブック保育園荏原,東京都品川区荏原6-12-15,保育・教育施設
チャイルドマインダー小山台東,東京都品川区小山台1-25-10,保育・教育施設
みらいく旗の台園,東京都品川区旗の台3-2-9,保育・教育施設
Gakkenほいくえん　旗の台,東京都品川区旗の台3-3-20,保育・教育施設
さくらさくみらい　武蔵小山,東京都品川区荏原3-1-18,保育・教育施設
このえ中延保育園,東京都品川区中延6-1-19,保育・教育施設
はぐはぐキッズこども園中延,東京都品川区中延3-13-16,保育・教育施設
ソラストえばら保育園,東京都品川区中延2-6-4,保育・教育施設
チャイルドマインダー平塚荏原,東京都品川区平塚2-14-1,保育・教育施設
とごしの杜保育園,東京都品川区平塚2-18-19,保育・教育施設
ソラストなかのぶ保育園,東京都品川区二葉4-2-13,保育・教育施設
モニカ荏原中延園,東京都品川区東中延1-6-2,保育・教育施設
はぐはぐキッズ二葉,東京都品川区二葉4-3-8,保育・教育施設
インターナショナル不動前えほん保育園,東京都品川区西五反田3-12-12　グランウフ保坂,保育・教育施設
キッズラボ中延園,東京都品川区戸越6-15-5,保育・教育施設
ソラストふどうまえ保育園,東京都品川区西五反田5-6-38,保育・教育施設
花房山目黒駅前保育園３３３,東京都品川区上大崎3-1-1　目黒セントラルスクエア3階,保育・教育施設
ウィズブック保育園西五反田,東京都品川区西五反田3-8-8　NTT大崎ビル,保育・教育施設
太陽の子西五反田保育園,東京都品川区西五反田7-19-1　五反田高木ビル2階,保育・教育施設
さんさん森の保育園戸越公園,東京都品川区豊町3-2-13,保育・教育施設
キッズガーデン品川豊町,東京都品川区豊町5-13-15,保育・教育施設
キッズガーデン品川西五反田,東京都品川区西五反田8-10-21,保育・教育施設
西大井えほん保育園,東京都品川区西大井6-7-1,保育・教育施設
キッズガーデン五反田駅前,東京都品川区西五反田1-29-2　吾作ビル,保育・教育施設
まなびの森保育園西大井,東京都品川区西大井1-4-1（西大井広場公園内）,保育・教育施設
キッズガーデン西品川,東京都品川区西品川2-22-2,保育・教育施設
太陽の子東五反田保育園,東京都品川区東五反田1-6-3　いちご東五反田ビル,保育・教育施設
そらのいろ保育園,東京都品川区西品川1-28-14,保育・教育施設
ほっぺるランド東五反田,東京都品川区東五反田1-2-25,保育・教育施設
大空と大地のなーさりぃ東五反田園,東京都品川区東五反田4-7-20,保育・教育施設
ユニバース・ナーサリー　大森,東京都品川区南大井6-28-10　新木ビル2階,保育・教育施設
大空と大地のなーさりぃ大森駅前園,東京都品川区南大井6-16-16,保育・教育施設
クオリスキッズ大井町第２保育園,東京都品川区大井3-26-7,保育・教育施設
しなおおコスモ保育園,東京都品川区大井1-31-1　シティタワー大井町1階,保育・教育施設
クオリスキッズ大井町保育園,東京都品川区大井3-17-11,保育・教育施設
キッズガーデン南大井,東京都品川区南大井6-26-2　B館1F,保育・教育施設
大井町えほん保育園,東京都品川区東大井5-21-9,保育・教育施設
キッズガーデン北品川,東京都品川区北品川6-7-22,保育・教育施設
ソラストおおいまち保育園,東京都品川区南品川6-3-4,保育・教育施設
くりのき保育園,東京都品川区南品川4-1-11,保育・教育施設
さんさん森の保育園大井町,東京都品川区南品川6-15-22,保育・教育施設
にじいろ保育園南大井,東京都品川区南大井1-16-6,保育・教育施設
アソシエ東大井公園保育園,東京都品川区東大井3-1-11,保育・教育施設
みらいく東大井園,東京都品川区東大井4-12-11,保育・教育施設
にじいろ保育園勝島,東京都品川区勝島3-2-2,保育・教育施設
さくらさくみらい　御殿山,東京都品川区北品川3-6-1,保育・教育施設
東大井かがやき保育園,東京都品川区東大井2-13-13　季美東大井2階,保育・教育施設
さくらさくみらい　東大井,東京都品川区東大井2-11-4,保育・教育施設
さくらさくみらい　北品川,東京都品川区北品川1-28-10,保育・教育施設
とうかいどう保育園,東京都品川区南品川1-2-11,保育・教育施設
えがおの森保育園・かつしま,東京都品川区勝島1-6-32,保育・教育施設
ソラストひがしおおい保育園,東京都品川区東大井1-3-6,保育・教育施設
ポピンズナーサリースクール勝島,東京都品川区勝島1-6-5,保育・教育施設
なぎさ通り保育園,東京都品川区南品川2-15-6,保育・教育施設
さくらさくみらい　東品川,東京都品川区東品川4-9-20,保育・教育施設
青物横丁えほん保育園,東京都品川区東品川4-8-8　2F,保育・教育施設
みらいく東品川園,東京都品川区東品川3-26-21,保育・教育施設
アイ保育園,東京都品川区東品川1-36-11,保育・教育施設
鮫洲かがやき保育園,東京都品川区東大井1-9-27　ミサワホームズ東大井1階,保育・教育施設
ほっぺるランド東品川,東京都品川区東品川3-25-9,保育・教育施設
まなびの森保育園品川シーサイド,東京都品川区東品川4-11-36,保育・教育施設
こどもヶ丘保育園小山園,東京都品川区小山3-7-16,保育・教育施設
グローバルキッズ立会川園,東京都品川区南大井1-8-23,保育・教育施設
AIAI　NURSERY　大崎,東京都品川区上大崎2-1-1　1F,保育・教育施設
どんぐり保育園,東京都品川区南品川2-9-25,保育・教育施設
認定こども園　こっこる,東京都品川区西五反田3-1-3,保育・教育施設
ポピンズナーサリースクール目黒,東京都品川区西五反田3-4-10目黒MARCレジデンスタワー2階,保育・教育施設
ポピンズナーサリースクール上大崎,東京都品川区上大崎3-13-14,保育・教育施設
さくらさくみらい品川シーサイド,東京都品川区東大井1-5-6,保育・教育施設
ウィズブック保育園天王洲分園,東京都品川区東品川2-2-20　ハーバーワンビル1階,保育・教育施設
たんぽぽ保育所東大井園(分園),東京都品川区東大井2-1-5,保育・教育施設
ルーチェ保育園南品川(分園),東京都品川区南品川5-5-2,保育・教育施設
さんさん森の保育園戸越公園(分園),東京都品川区豊町4-2-5,保育・教育施設
ぷりすくーる西五反田,東京都品川区西五反田3-9-9,保育・教育施設
しながわ防災体験館,東京都品川区広町2-1-36(品川区役所第二庁舎内),総合庁舎・地域センター・区民集会所
品川消防署,東京都品川区北品川3-7-31,官公署・公共機関
大井消防署,東京都品川区東大井3-6-12,官公署・公共機関
荏原消防署,東京都品川区平塚3-16-20,官公署・公共機関
品川消防署大崎出張所,東京都品川区西品川1-7-9,官公署・公共機関
品川消防署五反田出張所,東京都品川区西五反田7-25-14,官公署・公共機関
大井消防署滝王子出張所,東京都品川区大井5-17-9,官公署・公共機関
大井消防署八潮出張所,東京都品川区八潮5-8-3,官公署・公共機関
荏原消防署戸越出張所,東京都品川区戸越5-20-15,官公署・公共機関
荏原消防署小山出張所,東京都品川区小山5-12-11,官公署・公共機関
荏原消防署旗の台出張所,東京都品川区旗の台6-24-11,官公署・公共機関
品川消防署東品川出張所出張所,東京都品川区東品川3-25-11,官公署・公共機関
荏原保健センター,東京都品川区西五反田6-6-6※令和8年5月7日から荏原2-9-6に移転,医療機関・保健センター等
私立明晴学園,東京都品川区八潮5-2-1,特別支援学校
都立品川特別支援学校,東京都品川区南品川6-15-20,特別支援学校
教育総合支援センター,東京都品川区西五反田6-5-1 教育文化会館4階,その他教育・子どもの施設
マイスクール五反田,東京都品川区西五反田6-5-1(教育総合支援センター内),その他教育・子どもの施設
マイスクール浜川,東京都品川区東大井3-18-34(浜川中学校内),その他教育・子どもの施設
マイスクール八潮,東京都品川区八潮5-2-1,その他教育・子どもの施設
マイスクール西大井,東京都品川区西大井4-1-8,その他教育・子どもの施設
区立家庭あんしんセンター,東京都品川区平塚2-12-2,その他福祉施設
大井ファミリー・サポート・センター,東京都品川区大井1-14-1(大井1丁目共同ビル内),その他福祉施設
平塚ファミリー・サポート・センター,東京都品川区平塚2-12-2,その他福祉施設
子ども家庭支援センター,東京都品川区二葉1-7-15※令和８年４月27日に東京都品川区広町2-1-36（品川区役所第三庁舎内）に移転予定,その他教育・子どもの施設
地域子ども家庭支援センター品川,東京都品川区北品川3-11-22（品川保健センター内）,その他教育・子どもの施設
地域子ども家庭支援センター大井,東京都品川区大井2-27-20（大井保健センター内）,その他教育・子どもの施設
地域子ども家庭支援センター荏原,東京都品川区西五反田6-6-6（荏原保健センター内）※令和8年5月7日に東京都品川区荏原2-9-6に移転予定,その他教育・子どもの施設
東京電力パワーグリッド品川支社,東京都品川区西五反田5-3-1,区民生活関連施設
品川郵便局,東京都品川区東大井5-23-34,区民生活関連施設
大崎郵便局,東京都品川区西五反田2-32-7,区民生活関連施設
荏原郵便局,東京都品川区西中延1-7-23,区民生活関連施設
東京法務局品川出張所(登記所),東京都品川区広町2-1-36 (品川区役所本庁舎内),官公署・公共機関
五反田公証役場,東京都品川区東五反田5-27-6第一五反田ビル3階,官公署・公共機関
目黒公証役場,東京都品川区上大崎2-17-5デルダンビル5階,官公署・公共機関
大森公証役場,東京都品川区大田区大森北1-17-2大森センタービル2階,官公署・公共機関
大井保健センター,東京都品川区大井2-27-20,医療機関・保健センター等
八潮北保管所,東京都品川区八潮1-3-1,区民生活関連施設
不動前保管所,東京都品川区西五反田3-11-14,区民生活関連施設
品川警察署,東京都品川区東品川3-14-32,官公署・公共機関
大井警察署,東京都品川区大井5-10-2,官公署・公共機関
大崎警察署,東京都品川区大崎4-2-10,官公署・公共機関
荏原警察署,東京都品川区荏原6-19-10,官公署・公共機関
鮫洲運転免許試験場,東京都品川区東大井1-12-5,官公署・公共機関
品川区シルバー人材センター,東京都品川区北品川3-11-16(品川第一地域センタービル内),高齢者福祉施設
品川区シルバー人材センター荏原支部,東京都品川区荏原2-16-18,高齢者福祉施設
品川区シルバー人材センターゆたか支所,東京都品川区豊町3-2-15,高齢者福祉施設
品川区シルバー人材センター東大井支所,東京都品川区東大井1-4-14,高齢者福祉施設
品川区清掃事務所,東京都品川区大崎1-14-1,区民生活関連施設
品川清掃工場,東京都品川区八潮1-4-1,区民生活関連施設
品川図書館,東京都品川区北品川2-32-3,文化・スポーツ施設・公園
二葉図書館,東京都品川区二葉1-4-25,文化・スポーツ施設・公園
荏原図書館,東京都品川区中延1-9-15(荏原文化センター内),文化・スポーツ施設・公園
南大井図書館,東京都品川区南大井3-7-13,文化・スポーツ施設・公園
源氏前図書館,東京都品川区中延4-14-17,文化・スポーツ施設・公園
ゆたか図書館,東京都品川区豊町1-17-7,文化・スポーツ施設・公園
大井図書館,東京都品川区大井5-19-14,文化・スポーツ施設・公園
五反田図書館,東京都品川区西五反田6-5-1,文化・スポーツ施設・公園
大崎図書館,東京都品川区北品川5-2-1,文化・スポーツ施設・公園
八潮図書館,東京都品川区八潮5-10-27(八潮地域センター内),文化・スポーツ施設・公園
品川保健センター,東京都品川区北品川3-11-22,医療機関・保健センター等
品川第一支え愛・ほっとステーション,東京都品川区北品川3-11-16,その他福祉施設
品川第二支え愛・ほっとステーション,東京都品川区南品川5-3-20,その他福祉施設
大崎第一支え愛・ほっとステーション,東京都品川区西五反田3-6-3,その他福祉施設
大崎第二支え愛・ほっとステーション,東京都品川区大崎2-9-4,その他福祉施設
大井第一支え愛・ほっとステーション,東京都品川区南大井1-12-6,その他福祉施設
大井第二支え愛・ほっとステーション,東京都品川区大井2-27-20,その他福祉施設
大井第三支え愛・ほっとステーション,東京都品川区西大井2-10-3,その他福祉施設
荏原第一支え愛・ほっとステーション,東京都品川区小山3-14-1,その他福祉施設
荏原第二支え愛・ほっとステーション,東京都品川区荏原6-17-12,その他福祉施設
荏原第三支え愛・ほっとステーション,東京都品川区平塚1-13-18,その他福祉施設
荏原第四支え愛・ほっとステーション,東京都品川区中延5-3-12,その他福祉施設
荏原第五支え愛・ほっとステーション,東京都品川区二葉1-1-2,その他福祉施設
八潮支え愛・ほっとステーション,東京都品川区八潮5-10-27,その他福祉施設
